leagues,outcomes,edge_min,model_prob_min,n_bets,roi,win_rate
D1+E0,home,0.25,0.35,37,0.4244904559782892,0.6486486486486487
D1+E0,home,0.25,0.0,37,0.4244904559782892,0.6486486486486487
SP1,draw+away,0.25,0.45,41,0.4041436852557972,0.5121951219512195
P1,draw+away,0.25,0.0,30,0.38657709739664314,0.5666666666666667
P1,draw+away,0.25,0.35,30,0.38657709739664314,0.5666666666666667
SP1,draw+away,0.25,0.0,42,0.3823662488447569,0.5
SP1,draw+away,0.25,0.35,42,0.3823662488447569,0.5
SP1,draw+away,0.25,0.4,42,0.3823662488447569,0.5
B1+P1,draw+away,0.25,0.45,53,0.3651920915149388,0.5471698113207547
SP1,away,0.2,0.45,64,0.3602730347872387,0.59375
B1+P1,draw,0.2,0.45,61,0.3533872853491725,0.39344262295081966
D1+E0+E1,home,0.25,0.0,72,0.34120622188952665,0.7083333333333334
D1+E0+E1,home,0.25,0.35,72,0.34120622188952665,0.7083333333333334
D1+E0+E1+N1,home,0.25,0.35,80,0.3361917248973465,0.6875
D1+E0+E1+N1,home,0.25,0.0,80,0.3361917248973465,0.6875
B1+P1,draw+away,0.25,0.4,55,0.3347551863689561,0.5272727272727272
SP1,away,0.2,0.35,66,0.3336256841493852,0.5757575757575758
SP1,away,0.2,0.4,66,0.3336256841493852,0.5757575757575758
SP1,all,0.25,0.45,51,0.3203970579836916,0.49019607843137253
D1+E1,home,0.25,0.35,50,0.3166830751066006,0.7
D1+E1,home,0.25,0.0,50,0.3166830751066006,0.7
E0+E1,home,0.25,0.4,57,0.31410227571513105,0.7543859649122807
E0+E1,home,0.25,0.35,57,0.31410227571513105,0.7543859649122807
E0+E1,home,0.25,0.0,57,0.31410227571513105,0.7543859649122807
SP1,away,0.2,0.0,68,0.31299709176577045,0.5588235294117647
B1+P1,draw+away,0.25,0.35,57,0.30647246718937793,0.5087719298245614
B1+P1,draw+away,0.25,0.0,57,0.30647246718937793,0.5087719298245614
P1,draw+away,0.2,0.45,83,0.30429005543177523,0.5903614457831325
D1+E0+SP1,home,0.25,0.35,51,0.29902443924895356,0.5490196078431373
P1,all,0.25,0.45,58,0.2901896389598435,0.6206896551724138
D1+E0+SP1,home,0.25,0.0,52,0.28815177338877157,0.5384615384615384
D1+E0+SP1,away,0.25,0.45,48,0.2870432195437329,0.5833333333333334
P1,draw+away,0.2,0.4,85,0.28443804938191514,0.5764705882352941
P1,all,0.25,0.4,59,0.27831393834567525,0.6101694915254238
SP1,all,0.25,0.4,54,0.27359196732493274,0.46296296296296297
D1+E0+SP1,away,0.25,0.4,49,0.2723463609298719,0.5714285714285714
B1+P1,draw,0.2,0.4,66,0.27182825646730313,0.36363636363636365
D1,home,0.2,0.35,56,0.26972733821640105,0.5535714285714286
P1,all,0.25,0.35,60,0.26677158252005856,0.6
P1,all,0.25,0.0,60,0.26677158252005856,0.6
D1,draw,0.2,0.4,81,0.26672905578059036,0.37037037037037035
D1,draw,0.2,0.45,81,0.26672905578059036,0.37037037037037035
P1,draw+away,0.2,0.0,87,0.2660156750505708,0.5632183908045977
P1,draw+away,0.2,0.35,87,0.2660156750505708,0.5632183908045977
E1,home,0.25,0.0,35,0.2658928844321682,0.7714285714285715
E1,home,0.25,0.35,35,0.2658928844321682,0.7714285714285715
E1,home,0.25,0.4,35,0.2658928844321682,0.7714285714285715
E1,home,0.25,0.45,35,0.2658928844321682,0.7714285714285715
D1+E0+SP1,away,0.25,0.0,50,0.25904166274832247,0.56
D1+E0+SP1,away,0.25,0.35,50,0.25904166274832247,0.56
D1,home,0.2,0.0,63,0.2579121810718234,0.5079365079365079
D1+E0+E1+N1,home,0.25,0.4,77,0.2572489250891348,0.6883116883116883
D1+E0+E1,home,0.25,0.4,69,0.25663483193621933,0.7101449275362319
B1+D1+E0+E1,home,0.25,0.35,116,0.25041796042134123,0.7241379310344828
B1+D1+E0+E1,home,0.25,0.0,116,0.25041796042134123,0.7241379310344828
D1,draw,0.2,0.35,83,0.24777130379748016,0.3614457831325301
D1,draw,0.2,0.0,83,0.24777130379748016,0.3614457831325301
E0+E1,home,0.25,0.45,56,0.2476986160061966,0.75
D1+E0,home,0.25,0.4,34,0.2460328516939506,0.6470588235294118
SP1,all,0.25,0.35,56,0.24490846278457412,0.44642857142857145
B1+P1,draw+away,0.2,0.45,165,0.24339380667090474,0.5333333333333333
SP1,draw+away,0.2,0.45,89,0.24078306814749179,0.4943820224719101
D1,draw,0.15,0.0,150,0.2407086134071876,0.32
B1+D1+E0+P1,draw,0.2,0.45,182,0.23902724517136462,0.3516483516483517
SP1,all,0.25,0.0,57,0.2326273147878074,0.43859649122807015
E1,all,0.25,0.4,73,0.22901974036974057,0.6301369863013698
E1,all,0.25,0.0,73,0.22901974036974057,0.6301369863013698
E1,all,0.25,0.45,73,0.22901974036974057,0.6301369863013698
E1,all,0.25,0.35,73,0.22901974036974057,0.6301369863013698
D1,draw,0.15,0.4,127,0.2276094112956899,0.3464566929133858
B1+P1,draw,0.2,0.35,69,0.22718166188555625,0.34782608695652173
B1+P1,draw,0.2,0.0,69,0.22718166188555625,0.34782608695652173
B1+D1+E0+P1,home,0.25,0.35,111,0.2270103849949697,0.6846846846846847
B1+D1+E0+P1,home,0.25,0.0,111,0.2270103849949697,0.6846846846846847
D1,draw,0.1,0.45,109,0.2234520521979076,0.3486238532110092
D1,draw,0.08,0.45,109,0.2234520521979076,0.3486238532110092
D1,draw,0.15,0.45,109,0.2234520521979076,0.3486238532110092
P1,away,0.2,0.35,61,0.22303371400233107,0.6229508196721312
P1,away,0.2,0.0,61,0.22303371400233107,0.6229508196721312
P1,away,0.2,0.45,61,0.22303371400233107,0.6229508196721312
P1,away,0.2,0.4,61,0.22303371400233107,0.6229508196721312
SP1,draw+away,0.2,0.4,91,0.22213380402448243,0.4835164835164835
E0+E1,all,0.25,0.35,130,0.22007075252528194,0.5846153846153846
E0+E1,all,0.25,0.0,130,0.22007075252528194,0.5846153846153846
E0+E1,all,0.25,0.4,130,0.22007075252528194,0.5846153846153846
D1+E1,all,0.25,0.0,153,0.21936501818275767,0.49673202614379086
D1+E1,all,0.25,0.35,153,0.21936501818275767,0.49673202614379086
D1+E0+SP1,all,0.25,0.35,193,0.21737964033754953,0.44041450777202074
D1+E0+E1,all,0.25,0.35,210,0.21601361296826346,0.5047619047619047
D1+E0+E1,all,0.25,0.0,210,0.21601361296826346,0.5047619047619047
B1+P1,draw+away,0.2,0.4,171,0.21501245635106853,0.5146198830409356
SP1,draw+away,0.2,0.35,92,0.21426510925378975,0.4782608695652174
D1+E0+SP1,all,0.25,0.0,194,0.21417760060753743,0.4381443298969072
B1+P1,all,0.25,0.45,127,0.21352145708887893,0.6377952755905512
D1+E0+E1+N1,home,0.25,0.45,75,0.2116623388688203,0.6933333333333334
B1+D1+E0+P1,draw,0.2,0.4,188,0.2102525509804831,0.3404255319148936
D1+E0+E1,home,0.25,0.45,67,0.2076982612297871,0.7164179104477612
D1,all,0.25,0.35,80,0.20759186722872083,0.375
D1,all,0.25,0.0,80,0.20759186722872083,0.375
D1+E0,all,0.25,0.35,137,0.20747007950326138,0.43795620437956206
D1+E0,all,0.25,0.0,137,0.20747007950326138,0.43795620437956206
E0,all,0.25,0.0,57,0.20732786479086496,0.5263157894736842
E0,all,0.25,0.35,57,0.20732786479086496,0.5263157894736842
E0,all,0.25,0.4,57,0.20732786479086496,0.5263157894736842
B1+P1,all,0.25,0.4,129,0.20470423031027948,0.627906976744186
B1+D1+E0+P1,away,0.25,0.45,46,0.2045881690251699,0.6304347826086957
D1+E1,home,0.25,0.45,46,0.20401459123896432,0.717391304347826
B1,draw,0.2,0.45,39,0.20371867219550305,0.3333333333333333
B1+D1+E0+P1,all,0.25,0.35,268,0.20146039680263977,0.5261194029850746
B1+D1+E0+P1,all,0.25,0.0,268,0.20146039680263977,0.5261194029850746
SP1,all,0.2,0.45,131,0.2012960752058865,0.5648854961832062
B1+D1+E0+E1,home,0.25,0.4,113,0.2008064460772275,0.7256637168141593
B1+D1+E0+P1,draw+away,0.25,0.45,152,0.19765378046999793,0.4276315789473684
B1+P1,all,0.25,0.35,131,0.1962645507588016,0.6183206106870229
B1+P1,all,0.25,0.0,131,0.1962645507588016,0.6183206106870229
B1+D1+E0+E1,all,0.25,0.0,281,0.19606086174978377,0.5373665480427047
B1+D1+E0+E1,all,0.25,0.35,281,0.19606086174978377,0.5373665480427047
B1+P1,away,0.2,0.45,104,0.19605298813453617,0.6153846153846154
D1,draw,0.15,0.35,140,0.19418392770652496,0.32857142857142857
B1+D1+E0+P1,draw,0.25,0.45,106,0.1937294040094406,0.33962264150943394
B1+P1,draw+away,0.2,0.35,176,0.19356079489497108,0.5
B1+P1,draw+away,0.2,0.0,176,0.19356079489497108,0.5
D1,all,0.2,0.35,168,0.19321823159731238,0.4226190476190476
D1+E1,home,0.25,0.4,47,0.193102149333936,0.7021276595744681
SP1,draw+away,0.2,0.0,95,0.19284389484758782,0.4631578947368421
B1+D1+E0+P1,away,0.25,0.4,47,0.19160011349456268,0.6170212765957447
D1+E0+E1+N1,all,0.25,0.0,251,0.19141273885457202,0.4820717131474104
D1+E0+E1+N1,all,0.25,0.35,251,0.19141273885457202,0.4820717131474104
D1+E0+SP1,draw+away,0.25,0.45,140,0.19050507607130931,0.40714285714285714
D1+E1,draw,0.25,0.0,77,0.19040116317697975,0.35064935064935066
D1+E1,draw,0.25,0.35,77,0.19040116317697975,0.35064935064935066
D1+E1,draw,0.25,0.4,77,0.19040116317697975,0.35064935064935066
D1+E1,draw,0.25,0.45,77,0.19040116317697975,0.35064935064935066
D1,all,0.2,0.0,175,0.19028653661741596,0.4114285714285714
B1+P1,away,0.2,0.4,105,0.1891413713151032,0.6095238095238096
B1+D1+E0+P1,draw+away,0.25,0.4,154,0.18801121805712045,0.42207792207792205
B1+D1+E0+P1,draw,0.2,0.35,193,0.18749809910381526,0.3316062176165803
D1+E0,draw,0.2,0.45,121,0.18660611703080401,0.3305785123966942
D1+E1,draw,0.2,0.45,137,0.1861946211824149,0.34306569343065696
B1+D1+E0+P1,draw,0.25,0.4,107,0.18597136134296297,0.3364485981308411
D1+E0+SP1,draw+away,0.25,0.4,141,0.18517122100028854,0.40425531914893614
E0+E1,all,0.25,0.45,129,0.1850444591799998,0.5813953488372093
D1,draw,0.25,0.0,58,0.184952010340122,0.3448275862068966
D1,draw,0.25,0.35,58,0.184952010340122,0.3448275862068966
D1,draw,0.25,0.45,58,0.184952010340122,0.3448275862068966
D1,draw,0.25,0.4,58,0.184952010340122,0.3448275862068966
P1,draw,0.15,0.45,59,0.18486530451427324,0.3389830508474576
D1+E0+SP1,all,0.25,0.4,187,0.18344512885853725,0.44385026737967914
D1+E0+E1,all,0.25,0.4,206,0.18235953291851464,0.5048543689320388
E1,draw+away,0.25,0.35,38,0.18167167442999768,0.5
E1,draw+away,0.25,0.4,38,0.18167167442999768,0.5
E1,draw+away,0.25,0.45,38,0.18167167442999768,0.5
E1,draw+away,0.25,0.0,38,0.18167167442999768,0.5
D1,draw+away,0.2,0.4,107,0.1811514152914558,0.37383177570093457
P1,draw,0.1,0.45,62,0.18108891220742535,0.3387096774193548
P1,draw,0.08,0.45,62,0.18108891220742535,0.3387096774193548
P1,all,0.2,0.45,205,0.18050190684393644,0.6390243902439025
D1+E0,draw,0.2,0.4,122,0.18037476472756442,0.32786885245901637
D1+E0+SP1,draw+away,0.25,0.0,142,0.18027762992181892,0.4014084507042254
D1+E0+SP1,draw+away,0.25,0.35,142,0.18027762992181892,0.4014084507042254
B1+D1+E0+P1,all,0.25,0.4,262,0.18002179449284347,0.5305343511450382
D1+E0+SP1,home,0.25,0.4,46,0.17947978285733734,0.5652173913043478
B1+D1+E0+P1,away,0.25,0.0,48,0.17947686392174647,0.6041666666666666
B1+D1+E0+P1,away,0.25,0.35,48,0.17947686392174647,0.6041666666666666
D1,draw,0.1,0.4,152,0.17943255707754927,0.3223684210526316
D1,draw,0.08,0.4,152,0.17943255707754927,0.3223684210526316
D1+E0,home,0.2,0.0,168,0.1780305093715931,0.5476190476190477
B1+P1,away,0.2,0.35,107,0.17784527357015542,0.5981308411214953
B1+P1,away,0.2,0.0,107,0.17784527357015542,0.5981308411214953
D1+E0+E1,draw,0.25,0.35,97,0.17742974114173182,0.3402061855670103
D1+E0+E1,draw,0.25,0.0,97,0.17742974114173182,0.3402061855670103
D1+E0+E1,draw,0.25,0.45,97,0.17742974114173182,0.3402061855670103
D1+E0+E1,draw,0.25,0.4,97,0.17742974114173182,0.3402061855670103
D1+E1,all,0.25,0.45,148,0.1768994320152942,0.5
B1+D1+E0+P1,draw,0.2,0.0,196,0.1760154413145556,0.32653061224489793
B1,draw+away,0.2,0.45,82,0.17558699524521817,0.47560975609756095
B1+P1,draw,0.15,0.45,112,0.1754100230510943,0.33035714285714285
B1+P1,draw,0.25,0.35,31,0.17509790957788712,0.3225806451612903
B1+P1,draw,0.25,0.0,31,0.17509790957788712,0.3225806451612903
B1+D1+E0+P1,draw+away,0.25,0.35,157,0.17445500550686216,0.4140127388535032
B1+D1+E0+P1,draw+away,0.25,0.0,157,0.17445500550686216,0.4140127388535032
D1+E1,home,0.2,0.35,122,0.17444407567813297,0.6065573770491803
P1,home,0.25,0.0,30,0.17431820080711227,0.6333333333333333
P1,home,0.25,0.35,30,0.17431820080711227,0.6333333333333333
P1,home,0.25,0.4,30,0.17431820080711227,0.6333333333333333
P1,home,0.25,0.45,30,0.17431820080711227,0.6333333333333333
B1+D1+E0+E1,all,0.25,0.4,276,0.17413486178168486,0.5398550724637681
D1+E1,draw,0.2,0.4,139,0.17380304473253344,0.3381294964028777
B1+P1,draw,0.08,0.45,115,0.17363805371294244,0.33043478260869563
B1+P1,draw,0.1,0.45,115,0.17363805371294244,0.33043478260869563
D1+E1,all,0.25,0.4,149,0.17260034702748786,0.4966442953020134
B1+D1+E0+P1,home,0.25,0.4,108,0.1724710572286888,0.6851851851851852
B1+D1+E0+E1,home,0.25,0.45,111,0.17233540842158948,0.7297297297297297
B1+D1+E0+P1,draw,0.25,0.35,109,0.1716062713919556,0.3302752293577982
B1+D1+E0+P1,draw,0.25,0.0,109,0.1716062713919556,0.3302752293577982
D1+E0,draw,0.25,0.0,78,0.17030334759565813,0.3333333333333333
D1+E0,draw,0.25,0.35,78,0.17030334759565813,0.3333333333333333
D1+E0,draw,0.25,0.4,78,0.17030334759565813,0.3333333333333333
D1+E0,draw,0.25,0.45,78,0.17030334759565813,0.3333333333333333
P1,all,0.2,0.4,209,0.16977555579024062,0.6267942583732058
D1,all,0.2,0.4,156,0.1692501359315189,0.4423076923076923
D1+E0+SP1,all,0.25,0.45,182,0.16876055615804492,0.45054945054945056
B1+D1+E0+P1,all,0.25,0.45,258,0.16855812615148918,0.5348837209302325
D1+E0,home,0.2,0.35,157,0.167931503186814,0.5732484076433121
D1+E0,draw,0.2,0.35,124,0.16775563558582746,0.3225806451612903
SP1,all,0.2,0.4,138,0.1670787853310662,0.5362318840579711
B1,draw,0.15,0.45,53,0.16578769727610254,0.32075471698113206
B1,draw,0.1,0.45,53,0.16578769727610254,0.32075471698113206
B1,draw,0.08,0.45,53,0.16578769727610254,0.32075471698113206
B1+D1+E0+E1,draw,0.25,0.4,112,0.16487051613313417,0.33035714285714285
B1+D1+E0+E1,draw,0.25,0.45,112,0.16487051613313417,0.33035714285714285
D1+E1,home,0.2,0.0,131,0.16446700370393366,0.5725190839694656
E0+E1,draw,0.25,0.35,39,0.16435335728621062,0.3333333333333333
E0+E1,draw,0.25,0.0,39,0.16435335728621062,0.3333333333333333
E0+E1,draw,0.25,0.45,39,0.16435335728621062,0.3333333333333333
E0+E1,draw,0.25,0.4,39,0.16435335728621062,0.3333333333333333
P1,all,0.2,0.0,211,0.16426709246571675,0.6208530805687204
P1,all,0.2,0.35,211,0.16426709246571675,0.6208530805687204
D1,draw+away,0.2,0.45,105,0.16391079389469027,0.37142857142857144
D1+E1,draw,0.2,0.35,141,0.1624732206986752,0.3333333333333333
D1+E1,draw,0.2,0.0,141,0.1624732206986752,0.3333333333333333
D1+E0+E1+N1,all,0.25,0.4,247,0.16236374316802266,0.4817813765182186
D1+E0+E1,all,0.25,0.45,204,0.16148316967453355,0.5049019607843137
B1+D1+E0+E1,all,0.25,0.45,273,0.16140968007659381,0.5421245421245421
B1,all,0.25,0.45,69,0.16123269207104196,0.6521739130434783
P1,away,0.15,0.35,204,0.15984420942828698,0.5882352941176471
D1+E1,draw+away,0.25,0.4,102,0.15875855986894116,0.4019607843137255
D1+E1,draw+away,0.25,0.45,102,0.15875855986894116,0.4019607843137255
B1+D1+E0+E1,draw,0.25,0.0,113,0.15837773259050836,0.3274336283185841
B1+D1+E0+E1,draw,0.25,0.35,113,0.15837773259050836,0.3274336283185841
B1,away,0.2,0.45,43,0.1574105057738638,0.6046511627906976
B1+D1+E0+E1,draw,0.2,0.45,216,0.1549456572774772,0.32407407407407407
B1,all,0.25,0.4,70,0.1543359294535837,0.6428571428571429
B1+D1+E0+E1+F1+I1+N1+P1+SP1+T1,away,0.25,0.4,193,0.1536991492169497,0.5647668393782384
D1+E0+E1,home,0.2,0.0,236,0.15350199988672575,0.5720338983050848
D1+E1,draw+away,0.25,0.35,103,0.15244340024683262,0.39805825242718446
D1+E1,draw+away,0.25,0.0,103,0.15244340024683262,0.39805825242718446
B1+D1+E0+E1+F1+I1+N1+P1+SP1+T1,away,0.25,0.45,189,0.15136512028179533,0.5714285714285714
D1+E0,all,0.25,0.4,133,0.15123197108212405,0.43609022556390975
D1+E0,draw,0.2,0.0,127,0.15092721750045499,0.31496062992125984
B1+D1+E0+E1+F1+I1+N1+P1+SP1+T1,away,0.25,0.35,194,0.1507940721021615,0.5618556701030928
B1+D1+E0+E1+F1+I1+N1+P1+SP1+T1,away,0.25,0.0,194,0.1507940721021615,0.5618556701030928
D1+E0+E1,home,0.2,0.35,223,0.15045048584245097,0.5964125560538116
SP1,home,0.2,0.45,42,0.1503631629371874,0.7142857142857143
B1+D1+E0+E1,draw+away,0.25,0.45,162,0.14978085769617108,0.41358024691358025
B1+P1,all,0.2,0.45,405,0.14942047837845038,0.6345679012345679
D1+E0,draw,0.15,0.0,264,0.14938948215420175,0.2916666666666667
D1,draw+away,0.2,0.35,112,0.14861250228010853,0.35714285714285715
D1,draw+away,0.2,0.0,112,0.14861250228010853,0.35714285714285715
D1,home,0.2,0.4,49,0.14797608087048966,0.5918367346938775
B1,all,0.25,0.0,71,0.1478531160723478,0.6338028169014085
B1,all,0.25,0.35,71,0.1478531160723478,0.6338028169014085
D1+E0+E1+N1,all,0.25,0.45,244,0.14712882021912752,0.48360655737704916
SP1,all,0.2,0.35,148,0.14592924278159275,0.5067567567567568
B1+D1+E0+E1,draw+away,0.25,0.4,163,0.14563513600633163,0.4110429447852761
D1+E0+E1,draw,0.2,0.45,177,0.14500358432646604,0.3220338983050847
B1+D1+E0+P1,draw,0.15,0.45,296,0.143498258599643,0.31756756756756754
B1+D1+E0+P1,draw,0.1,0.45,299,0.14306774871401345,0.3177257525083612
B1+D1+E0+P1,draw,0.08,0.45,299,0.14306774871401345,0.3177257525083612
D1,draw+away,0.25,0.4,64,0.14295478739545203,0.34375
D1,draw+away,0.25,0.45,64,0.14295478739545203,0.34375
B1+P1,home,0.25,0.0,74,0.14183127333232204,0.7027027027027027
B1+P1,home,0.25,0.4,74,0.14183127333232204,0.7027027027027027
B1+P1,home,0.25,0.45,74,0.14183127333232204,0.7027027027027027
B1+P1,home,0.25,0.35,74,0.14183127333232204,0.7027027027027027
B1,away,0.2,0.4,44,0.14127654908868859,0.5909090909090909
B1+D1+E0+P1,home,0.25,0.45,106,0.1410553193786221,0.6886792452830188
P1,draw+away,0.15,0.45,250,0.14094658245227845,0.536
P1,away,0.15,0.0,212,0.14063408139001563,0.5660377358490566
E0,home,0.2,0.0,105,0.14010831245593,0.5714285714285714
D1+E0+E1+N1,home,0.2,0.0,295,0.1398232221417698,0.5627118644067797
D1+E0+SP1,home,0.2,0.35,213,0.13952945547503603,0.568075117370892
D1+E0,home,0.25,0.45,32,0.13913877032560779,0.65625
B1+P1,all,0.2,0.4,413,0.1390983715101252,0.6222760290556901
B1,draw+away,0.2,0.4,86,0.13895936734753533,0.45348837209302323
D1+E0,home,0.2,0.4,147,0.1387026036871783,0.5986394557823129
B1+D1+E0+P1,draw+away,0.2,0.45,359,0.13859722613833428,0.45403899721448465
P1,draw+away,0.15,0.35,279,0.1385858706528873,0.5089605734767025
B1+D1+E0+E1,draw+away,0.25,0.35,165,0.13782285820694762,0.40606060606060607
B1+D1+E0+E1,draw+away,0.25,0.0,165,0.13782285820694762,0.40606060606060607
B1+D1+E0+E1+F1+I1+N1+P1+SP1+T1,draw+away,0.25,0.45,397,0.13722086426672434,0.43828715365239296
D1+E0+E1+N1,home,0.2,0.35,282,0.1370689707428674,0.5815602836879432
B1+D1+E0+E1+F1+I1+N1+P1+SP1+T1,draw+away,0.25,0.4,402,0.13683571465110497,0.43532338308457713
B1+D1+E0+E1+F1+I1+N1+P1+SP1+T1,home,0.25,0.35,270,0.13641410976873064,0.6592592592592592
B1,draw,0.2,0.4,42,0.13552841059415774,0.30952380952380953
E0,home,0.2,0.4,98,0.13470844466107126,0.6020408163265306
D1+E0+SP1,draw,0.2,0.45,146,0.13366478383327857,0.3150684931506849
B1+P1,all,0.2,0.35,423,0.13342927888159084,0.6099290780141844
B1+D1+E0+E1+F1+I1+N1+P1+SP1+T1,home,0.25,0.0,272,0.13338844124635166,0.6544117647058824
D1+E0+E1,home,0.2,0.4,212,0.13305213632649157,0.6179245283018868
P1,away,0.15,0.4,200,0.13281727522305042,0.585
B1+D1+E0+E1+F1+I1+N1+P1+SP1+T1,all,0.25,0.35,677,0.13259366944568335,0.5214180206794683
D1,draw+away,0.25,0.35,65,0.13246884912759707,0.3384615384615385
D1,draw+away,0.25,0.0,65,0.13246884912759707,0.3384615384615385
B1+P1,all,0.2,0.0,424,0.13236740255939627,0.6084905660377359
D1+E0,draw,0.15,0.4,222,0.13228090419384603,0.3108108108108108
B1+D1+E0+E1,draw,0.2,0.4,222,0.13197062080422284,0.3153153153153153
D1+E1,home,0.2,0.4,114,0.13165600583780815,0.631578947368421
P1,draw+away,0.15,0.4,269,0.13163475868686977,0.516728624535316
P1,away,0.15,0.45,191,0.13161301643807558,0.5968586387434555
D1+E0+E1,draw,0.2,0.4,180,0.13121109692785624,0.31666666666666665
B1+D1+E0+E1+F1+I1+N1+P1+SP1+T1,all,0.25,0.0,679,0.13110164028303836,0.5198821796759941
B1+D1+E0+E1,home,0.2,0.0,360,0.13077886289892454,0.6194444444444445
D1,all,0.2,0.45,149,0.1303016045528662,0.436241610738255
B1+D1+E0+P1,home,0.2,0.0,416,0.13019943235141435,0.6298076923076923
B1+D1+E0+E1,home,0.2,0.35,346,0.12984911048811126,0.638728323699422
E0+E1,home,0.2,0.4,163,0.1293908914293592,0.6257668711656442
B1+D1+E0+E1+F1+I1+N1+P1+SP1+T1,all,0.25,0.45,651,0.1289908716498546,0.5360983102918587
D1+E0+SP1,draw,0.25,0.45,92,0.12888256225179112,0.31521739130434784
D1+E0+SP1,draw,0.25,0.35,92,0.12888256225179112,0.31521739130434784
D1+E0+SP1,draw,0.25,0.4,92,0.12888256225179112,0.31521739130434784
D1+E0+SP1,draw,0.25,0.0,92,0.12888256225179112,0.31521739130434784
B1+D1+E0+E1+F1+I1+N1+P1+SP1+T1,draw+away,0.25,0.35,407,0.12886202991369658,0.42997542997543
B1+D1+E0+E1+F1+I1+N1+P1+SP1+T1,draw+away,0.25,0.0,407,0.12886202991369658,0.42997542997543
D1+E0+SP1,draw,0.2,0.4,147,0.12865657285132726,0.3129251700680272
D1+E0+E1,draw+away,0.25,0.45,137,0.12826131411104458,0.40145985401459855
D1+E0+E1,draw+away,0.25,0.4,137,0.12826131411104458,0.40145985401459855
D1+E0,draw,0.1,0.4,335,0.12823160398771763,0.31343283582089554
B1+D1+E0+E1+F1+I1+N1+P1+SP1+T1,all,0.25,0.4,666,0.12803640107388553,0.527027027027027
P1,all,0.15,0.45,576,0.1280082840132989,0.6423611111111112
D1+E0+SP1,home,0.2,0.4,194,0.1277814988961765,0.6082474226804123
B1+D1+E0+P1,home,0.2,0.35,404,0.12735728472805244,0.6435643564356436
P1,draw,0.15,0.4,69,0.126613819603825,0.3188405797101449
D1+E0+SP1,home,0.2,0.0,234,0.12628760219710566,0.5256410256410257
B1+D1+E0+P1,draw+away,0.2,0.4,370,0.12625593810405633,0.44324324324324327
D1+E0,draw,0.08,0.45,184,0.12625541628940232,0.30978260869565216
D1+E0,draw,0.1,0.45,184,0.12625541628940232,0.30978260869565216
D1+E0,draw,0.15,0.45,184,0.12625541628940232,0.30978260869565216
B1+D1+E0+E1,away,0.25,0.45,50,0.12578444946004466,0.6
E0+E1,home,0.2,0.0,173,0.12512576004047646,0.5953757225433526
P1,all,0.15,0.35,623,0.12507318589942032,0.6131621187800963
B1,home,0.25,0.0,44,0.12485052760449271,0.75
B1,home,0.25,0.4,44,0.12485052760449271,0.75
B1,home,0.25,0.35,44,0.12485052760449271,0.75
B1,home,0.25,0.45,44,0.12485052760449271,0.75
D1+E0+E1+N1,home,0.2,0.4,270,0.1242675595119578,0.6
D1+E0+E1,draw+away,0.25,0.0,138,0.12369352774935097,0.39855072463768115
D1+E0+E1,draw+away,0.25,0.35,138,0.12369352774935097,0.39855072463768115
D1+E0,draw,0.08,0.4,338,0.12336544496010318,0.3106508875739645
D1+E0+E1,draw,0.2,0.35,182,0.12253103559981789,0.3131868131868132
E1,home,0.2,0.45,65,0.12235381981340548,0.6615384615384615
E1,home,0.2,0.4,65,0.12235381981340548,0.6615384615384615
P1,home,0.15,0.45,326,0.12189586409363237,0.7239263803680982
E0,all,0.25,0.45,56,0.12178055200933566,0.5178571428571429
E0,home,0.2,0.35,101,0.12149166522572094,0.5841584158415841
P1,home,0.2,0.45,122,0.1214074288192165,0.6721311475409836
D1+E1,all,0.2,0.35,331,0.12108929864070603,0.4501510574018127
B1+D1+E0+E1,draw,0.2,0.35,225,0.12095704520178364,0.3111111111111111
B1+D1+E0+E1+F1+I1+N1+P1+SP1+T1,home,0.25,0.45,254,0.12048071040903045,0.6889763779527559
B1+D1+E0+P1,all,0.2,0.4,759,0.12045610127930363,0.5546772068511199
B1+D1+E0+E1+F1+I1+N1+P1+SP1+T1,draw,0.25,0.45,208,0.12027928842680849,0.3173076923076923
P1,all,0.15,0.4,605,0.11958985460234624,0.6214876033057851
B1,all,0.2,0.45,200,0.11958576718567904,0.63
E0+E1,home,0.2,0.35,167,0.11936936739096879,0.6107784431137725
B1+D1+E0+P1,all,0.2,0.35,785,0.11932479913207429,0.5401273885350318
B1+D1+E0+P1,all,0.2,0.0,800,0.11925051865975493,0.5325
B1+D1+E0+P1,all,0.2,0.45,734,0.11903226333173329,0.5667574931880109
B1+D1+E0+E1+F1+I1+N1+P1+SP1+T1,home,0.25,0.4,264,0.11901461255302481,0.6666666666666666
B1+D1+E0+E1,home,0.2,0.4,330,0.11869031136144126,0.6606060606060606
P1,home,0.15,0.35,344,0.1184001072136284,0.6976744186046512
D1+E0,draw,0.15,0.35,238,0.11838773221381514,0.3025210084033613
E0+E1,home,0.2,0.45,156,0.11835894522052408,0.6474358974358975
D1,home,0.15,0.0,194,0.11816366070383007,0.4845360824742268
P1,home,0.15,0.0,345,0.11747546662572775,0.6956521739130435
D1+E1,all,0.2,0.0,340,0.11716491040117298,0.4411764705882353
D1+E0+SP1,home,0.25,0.45,42,0.1168112003574459,0.5952380952380952
E0+E1,draw+away,0.25,0.0,73,0.11676262996838316,0.4520547945205479
E0+E1,draw+away,0.25,0.35,73,0.11676262996838316,0.4520547945205479
E0+E1,draw+away,0.25,0.45,73,0.11676262996838316,0.4520547945205479
E0+E1,draw+away,0.25,0.4,73,0.11676262996838316,0.4520547945205479
B1+D1+E0+P1,home,0.2,0.4,389,0.11672748489292577,0.6606683804627249
E1,home,0.2,0.35,66,0.11654240438783137,0.6515151515151515
B1+D1+E0+E1+F1+I1+N1+P1+SP1+T1,draw,0.25,0.4,209,0.11648212666435809,0.3157894736842105
D1+E0,all,0.25,0.45,131,0.11601232264501811,0.4351145038167939
P1,all,0.15,0.0,645,0.1156788475630194,0.5937984496124031
B1,away,0.2,0.35,46,0.11547044177780036,0.5652173913043478
B1,away,0.2,0.0,46,0.11547044177780036,0.5652173913043478
B1+D1+E0+E1,away,0.25,0.4,51,0.11533003351664169,0.5882352941176471
E0,home,0.2,0.45,91,0.11523945094514429,0.6373626373626373
D1+E0+SP1,all,0.2,0.4,484,0.1151531599521975,0.49173553719008267
B1,draw+away,0.2,0.35,89,0.1147461823526876,0.43820224719101125
B1,draw+away,0.2,0.0,89,0.1147461823526876,0.43820224719101125
P1,home,0.2,0.4,124,0.11453227568182223,0.6612903225806451
P1,home,0.2,0.35,124,0.11453227568182223,0.6612903225806451
P1,home,0.2,0.0,124,0.11453227568182223,0.6612903225806451
D1+E0+SP1,home,0.2,0.45,177,0.11434485547186582,0.6440677966101694
P1,home,0.15,0.4,336,0.11371826055169901,0.7053571428571429
B1,draw,0.2,0.0,43,0.11367011194464147,0.3023255813953488
B1,draw,0.2,0.35,43,0.11367011194464147,0.3023255813953488
D1+E0+SP1,draw,0.2,0.35,150,0.11361075256044112,0.30666666666666664
D1+E0+SP1,all,0.2,0.35,510,0.11312634960559499,0.4725490196078431
B1+P1,draw+away,0.15,0.45,396,0.11296666422484429,0.5
P1,draw+away,0.15,0.0,300,0.11216833467621154,0.4766666666666667
D1+E0+SP1,all,0.2,0.45,460,0.11159331541625965,0.5065217391304347
B1+D1+E0+E1,draw,0.2,0.0,228,0.11136551684357088,0.30701754385964913
D1,all,0.25,0.45,75,0.11093799801169998,0.37333333333333335
D1+E0+E1,draw,0.2,0.0,185,0.11087289015957617,0.3081081081081081
D1+E1,all,0.2,0.4,318,0.11040251727387299,0.46226415094339623
B1,all,0.2,0.4,204,0.10964551593595159,0.6176470588235294
D1+E0+SP1,draw+away,0.2,0.45,283,0.1091751890420798,0.4204946996466431
B1+P1,home,0.2,0.45,240,0.10907215550446117,0.7041666666666667
B1+D1+E0+P1,draw,0.15,0.4,382,0.10904692667604278,0.3036649214659686
D1+E0+E1,home,0.2,0.45,200,0.10864979348748414,0.635
D1+E0+E1+N1,away,0.25,0.45,49,0.10697467688900704,0.5714285714285714
B1+D1+E0+P1,draw+away,0.2,0.35,381,0.10686534157235715,0.4304461942257218
B1+P1,home,0.2,0.35,247,0.10680235944436471,0.6882591093117408
D1+E0+E1+N1,draw+away,0.25,0.45,169,0.10665381589632497,0.3905325443786982
B1+D1+E0+P1,home,0.2,0.45,375,0.10650205681470855,0.6746666666666666
D1+E0+E1+N1,draw,0.25,0.4,120,0.10646945996664006,0.31666666666666665
D1+E0+E1+N1,draw,0.25,0.35,120,0.10646945996664006,0.31666666666666665
D1+E0+E1+N1,draw,0.25,0.45,120,0.10646945996664006,0.31666666666666665
D1+E0+E1+N1,draw,0.25,0.0,120,0.10646945996664006,0.31666666666666665
D1,draw+away,0.15,0.45,177,0.1060727991606561,0.3728813559322034
B1+P1,home,0.2,0.4,242,0.10583979764321269,0.6983471074380165
B1+D1+E0+E1,away,0.25,0.35,52,0.10554315258426795,0.5769230769230769
B1+D1+E0+E1,away,0.25,0.0,52,0.10554315258426795,0.5769230769230769
D1,draw,0.1,0.35,263,0.10552865850551539,0.28517110266159695
B1+P1,home,0.2,0.0,248,0.10530688494557841,0.6854838709677419
D1,draw+away,0.15,0.4,207,0.10515733605357493,0.357487922705314
D1+E0,draw+away,0.25,0.45,99,0.10506491246184844,0.36363636363636365
D1+E0,draw+away,0.25,0.4,99,0.10506491246184844,0.36363636363636365
E1,home,0.2,0.0,68,0.10506246939855868,0.6323529411764706
B1+P1,all,0.15,0.45,978,0.10423593516141907,0.6206543967280164
P1,home,0.1,0.45,701,0.10423033363941413,0.6804564907275321
D1+E0+E1+N1,home,0.2,0.45,258,0.10421347480554664,0.6124031007751938
B1+D1+E0+E1,home,0.2,0.45,318,0.10421027945058184,0.6729559748427673
B1,all,0.2,0.35,212,0.10414911694268178,0.5990566037735849
D1+E0+SP1,draw+away,0.2,0.4,290,0.10376160317592932,0.41379310344827586
P1,draw,0.08,0.4,206,0.10348662394204121,0.3155339805825243
P1,home,0.1,0.0,784,0.10337820093825081,0.6352040816326531
D1+E1,draw,0.1,0.4,366,0.10331755566512639,0.31420765027322406
D1+E1,home,0.2,0.45,109,0.1031716581078113,0.6330275229357798
D1+E1,draw,0.08,0.4,369,0.10309960646969117,0.3143631436314363
B1+D1+E0+P1,draw,0.15,0.0,450,0.10279191073600921,0.2822222222222222
B1+D1+E0+E1+F1+I1+N1+P1+SP1+T1,draw,0.25,0.0,213,0.1026526983120904,0.30985915492957744
B1+D1+E0+E1+F1+I1+N1+P1+SP1+T1,draw,0.25,0.35,213,0.1026526983120904,0.30985915492957744
D1+E1,draw,0.15,0.0,308,0.10240931749688456,0.2922077922077922
D1+E0+E1+N1,draw+away,0.25,0.4,170,0.10235411440233277,0.38823529411764707
B1+D1+E0+P1,draw+away,0.2,0.0,384,0.10216119224225581,0.4270833333333333
B1,all,0.2,0.0,213,0.1021342709604721,0.596244131455399
D1,all,0.25,0.4,76,0.10178635275412609,0.3684210526315789
D1+E0,all,0.2,0.0,376,0.10127390925980399,0.44680851063829785
D1+E0,home,0.2,0.45,135,0.10112453772999741,0.6222222222222222
D1+E0+SP1,all,0.2,0.0,537,0.10101241402118961,0.45251396648044695
D1+E1,draw,0.15,0.4,275,0.10077405960932945,0.3090909090909091
B1+P1,home,0.15,0.45,582,0.10055939120843863,0.7027491408934707
SP1,all,0.2,0.0,161,0.10038950942055785,0.4658385093167702
B1,home,0.2,0.35,123,0.09989228243417791,0.7154471544715447
B1+P1,home,0.15,0.0,633,0.09988924635057145,0.6635071090047393
B1+D1+E0+P1,draw,0.1,0.4,649,0.09971106205954791,0.3050847457627119
D1+E0,all,0.2,0.35,362,0.09966437100928131,0.4585635359116022
D1,home,0.15,0.35,169,0.09933119015813871,0.5266272189349113
B1+D1+E0+P1,draw,0.08,0.4,664,0.09931012652667744,0.3057228915662651
D1+E0+E1+N1,draw+away,0.25,0.0,171,0.09873753319556822,0.38596491228070173
D1+E0+E1+N1,draw+away,0.25,0.35,171,0.09873753319556822,0.38596491228070173
D1+E0,draw+away,0.25,0.35,100,0.09865927246093488,0.36
D1+E0,draw+away,0.25,0.0,100,0.09865927246093488,0.36
P1,all,0.1,0.45,1159,0.09851562933637217,0.6264020707506471
SP1,home,0.2,0.4,47,0.09824782203183952,0.6382978723404256
P1,home,0.1,0.4,740,0.09801121864865557,0.6581081081081082
B1,home,0.2,0.45,118,0.09796318936516447,0.7372881355932204
B1,home,0.2,0.4,118,0.09796318936516447,0.7372881355932204
B1,home,0.2,0.0,124,0.09708102298723374,0.7096774193548387
P1,home,0.1,0.35,766,0.09697792009141819,0.643603133159269
D1+E1,draw,0.15,0.45,229,0.09672380963846315,0.31004366812227074
D1+E0+E1+N1,draw,0.2,0.0,222,0.0962925874925675,0.30180180180180183
D1+E1,all,0.2,0.45,309,0.09618558962310624,0.4627831715210356
D1+E1,draw,0.1,0.45,238,0.09610774445738512,0.31092436974789917
D1+E1,draw,0.08,0.45,238,0.09610774445738512,0.31092436974789917
B1+P1,home,0.15,0.35,624,0.09603834264148785,0.6682692307692307
D1+E0+SP1,draw,0.2,0.0,154,0.09572946830600464,0.2987012987012987
B1+D1+E0+P1,home,0.15,0.0,1159,0.09535229733978123,0.5953408110440035
D1+E0+E1+N1,away,0.25,0.4,50,0.09526734058159196,0.56
B1+P1,away,0.15,0.45,284,0.09501965236236677,0.5669014084507042
B1+D1+E0+E1+F1+I1+N1+P1+SP1+T1,home,0.2,0.0,888,0.0949193968864482,0.6069819819819819
B1+P1,home,0.15,0.4,599,0.09456066500496457,0.6861435726210351
P1,draw,0.1,0.4,194,0.09443229814539139,0.30927835051546393
D1+E0,all,0.2,0.4,346,0.09413992607722473,0.47398843930635837
SP1,away,0.15,0.45,161,0.0935025033869872,0.4720496894409938
D1+E0+E1+N1,draw,0.2,0.4,216,0.09308560098975364,0.3055555555555556
D1+E1,draw+away,0.2,0.4,204,0.09300573666572008,0.36764705882352944
D1+E0+E1,draw,0.1,0.4,549,0.09281058413003938,0.3114754098360656
B1+D1+E0+E1,all,0.2,0.35,737,0.09210362600682896,0.5033921302578019
B1+D1+E0+E1,all,0.2,0.4,712,0.09191320074892194,0.5168539325842697
D1+E0+E1+N1,draw,0.2,0.45,212,0.09182860514785855,0.30660377358490565
B1+D1+E0+P1,draw,0.15,0.35,411,0.09157906277366704,0.2944038929440389
P1,all,0.1,0.0,1616,0.09124945046577868,0.5204207920792079
P1,home,0.08,0.45,877,0.09104932322408771,0.6533637400228051
SP1,home,0.15,0.45,218,0.09103699276385877,0.6697247706422018
B1+D1+E0+E1,all,0.2,0.0,754,0.09096809446490363,0.4946949602122016
D1+E1,draw+away,0.2,0.45,200,0.09050257965627573,0.37
B1+P1,all,0.15,0.35,1113,0.08998570993041566,0.5696316262353999
P1,home,0.08,0.0,1001,0.08993738011376144,0.6053946053946054
B1+D1+E0+E1+F1+I1+N1+P1+SP1+T1,home,0.2,0.35,852,0.08969024423164475,0.6267605633802817
D1+E0+E1,draw,0.08,0.4,555,0.08968085640532222,0.3099099099099099
P1,all,0.08,0.45,1422,0.08920619023613371,0.6174402250351617
D1+E0+SP1,away,0.2,0.45,137,0.0890555467849665,0.5328467153284672
D1,all,0.15,0.0,457,0.08889406253850127,0.38074398249452956
D1+E0+SP1,draw+away,0.2,0.35,297,0.08863688023376666,0.40404040404040403
B1+P1,all,0.15,0.4,1062,0.08854380199829816,0.5856873822975518
B1+D1+E0+E1+F1+I1+N1+P1+SP1+T1,home,0.2,0.45,787,0.08848159429741398,0.6645489199491741
B1+D1+E0+E1,all,0.2,0.45,689,0.08830548004911844,0.5268505079825835
D1+E0,home,0.15,0.0,526,0.08797802671353347,0.5133079847908745
B1+P1,all,0.15,0.0,1149,0.0878942248408726,0.556135770234987
B1+P1,away,0.15,0.35,316,0.08737507914865666,0.5316455696202531
B1+D1+E0+E1+F1+I1+N1+P1+SP1+T1,home,0.2,0.4,820,0.08710352981100418,0.6451219512195122
P1,all,0.1,0.4,1372,0.0866002047865459,0.5714285714285714
D1+E1,draw,0.15,0.35,288,0.08650086546836643,0.3020833333333333
D1+E0+E1,all,0.2,0.35,525,0.08627645986356727,0.46476190476190476
D1+E0+E1+N1,draw,0.2,0.35,218,0.08616773462666295,0.30275229357798167
D1+E0+SP1,draw,0.08,0.45,297,0.08607837360006479,0.30976430976430974
D1+E0+SP1,draw,0.1,0.45,297,0.08607837360006479,0.30976430976430974
P1,home,0.08,0.35,965,0.08593872657890525,0.6196891191709845
P1,draw+away,0.1,0.45,458,0.08572957636737881,0.5436681222707423
P1,all,0.1,0.35,1491,0.08566386595453017,0.5466130114017438
D1+E0+E1,all,0.2,0.0,541,0.08563104806077737,0.45471349353049906
B1+D1+E0+P1,home,0.15,0.35,1099,0.08554786140586403,0.6160145586897179
D1+E0+E1+N1,away,0.25,0.0,51,0.08554111304671332,0.5490196078431373
D1+E0+E1+N1,away,0.25,0.35,51,0.08554111304671332,0.5490196078431373
D1+E0+E1+N1,draw,0.1,0.4,603,0.08532809521653334,0.3101160862354892
P1,draw+away,0.08,0.45,545,0.0850863616904797,0.5596330275229358
N1,home,0.2,0.4,58,0.08476018809662211,0.5344827586206896
N1,home,0.2,0.45,58,0.08476018809662211,0.5344827586206896
B1+P1,home,0.1,0.45,1224,0.08450389477103135,0.6593137254901961
P1,home,0.08,0.4,928,0.08433171128352057,0.6314655172413793
E0+E1,away,0.25,0.4,34,0.08390571157908652,0.5882352941176471
E0+E1,away,0.25,0.45,34,0.08390571157908652,0.5882352941176471
E0+E1,away,0.25,0.0,34,0.08390571157908652,0.5882352941176471
E0+E1,away,0.25,0.35,34,0.08390571157908652,0.5882352941176471
D1+E0+SP1,away,0.2,0.4,143,0.08369118171282482,0.5174825174825175
B1+P1,home,0.1,0.0,1448,0.08336547705784388,0.5939226519337016
D1+E0+E1,all,0.2,0.4,508,0.08332978390755677,0.4763779527559055
SP1,home,0.15,0.4,231,0.08306899762191529,0.645021645021645
D1+E0+E1+N1,draw,0.08,0.4,609,0.0825878855124011,0.30870279146141216
D1+E1,home,0.15,0.0,375,0.08216809177820493,0.512
B1+P1,all,0.1,0.45,1969,0.08131097405641427,0.6038598273235145
B1+D1+E0+E1,draw,0.1,0.4,669,0.08024856561979965,0.30493273542600896
N1,home,0.15,0.0,235,0.07966754520248058,0.548936170212766
D1+E0+SP1,draw,0.15,0.0,380,0.07918494996528605,0.2789473684210526
P1,all,0.08,0.4,1675,0.0791719418828453,0.5671641791044776
SP1,away,0.15,0.4,171,0.07814208075987658,0.45614035087719296
D1+E0+E1+N1,home,0.15,0.0,942,0.07794086330843476,0.5276008492569002
B1+D1+E0+E1,draw,0.08,0.4,675,0.0777232740218603,0.3037037037037037
B1+D1+E0+E1,draw,0.15,0.45,357,0.07754344131765087,0.29971988795518206
B1+P1,home,0.1,0.4,1297,0.07743731427854546,0.6353122590593677
B1+D1+E0+E1,draw,0.08,0.45,366,0.07742545833973188,0.3005464480874317
B1+D1+E0+E1,draw,0.1,0.45,366,0.07742545833973188,0.3005464480874317
D1+E0+E1,home,0.15,0.0,707,0.07733426222113221,0.5205091937765205
B1+D1+E0+E1,home,0.15,0.0,995,0.07716625456890634,0.5507537688442211
B1+P1,draw+away,0.15,0.35,489,0.07698347242831274,0.4437627811860941
D1+E0+SP1,draw+away,0.2,0.0,303,0.076897611773706,0.39603960396039606
B1,home,0.15,0.0,288,0.07683808689745909,0.625
D1+E1,draw+away,0.2,0.0,209,0.07680152077210178,0.3588516746411483
D1+E1,draw+away,0.2,0.35,209,0.07680152077210178,0.3588516746411483
D1+E0+E1,draw,0.15,0.0,422,0.07667707835138343,0.28199052132701424
B1+P1,away,0.15,0.4,303,0.0765973272502133,0.5412541254125413
N1,home,0.2,0.0,59,0.07609596195315432,0.5254237288135594
N1,home,0.2,0.35,59,0.07609596195315432,0.5254237288135594
P1,away,0.1,0.0,537,0.07608112101601985,0.4860335195530726
B1+P1,away,0.15,0.0,330,0.0760042247398671,0.5121212121212121
B1+D1+E0+P1,home,0.15,0.4,1045,0.07582116649858216,0.6334928229665072
P1,all,0.08,0.35,1939,0.07567832675852983,0.5270758122743683
D1+E0,all,0.2,0.45,329,0.07538288814900922,0.48328267477203646
B1+P1,draw+away,0.15,0.4,463,0.07538173382575887,0.4557235421166307
B1+P1,home,0.1,0.35,1368,0.07520722612724176,0.6133040935672515
P1,away,0.08,0.45,483,0.07433230446398371,0.587991718426501
P1,away,0.1,0.35,474,0.07410636255160677,0.5253164556962026
B1+P1,draw+away,0.1,0.45,745,0.07366144417207737,0.512751677852349
P1,away,0.08,0.35,604,0.07363889280299331,0.5264900662251656
P1,away,0.1,0.45,396,0.07354395677192976,0.5757575757575758
B1+D1+E0+P1,draw+away,0.15,0.45,784,0.07304395269275075,0.4528061224489796
D1+E0+E1,all,0.2,0.45,489,0.07299738523612964,0.48466257668711654
B1+D1+E0+P1,all,0.15,0.0,2239,0.07295001129164959,0.49173738276016077
B1+D1+E0+P1,all,0.15,0.45,1791,0.07280747866325936,0.5628140703517588
B1+D1+E0+P1,home,0.15,0.45,1007,0.07268299192500144,0.6484607745779544
D1,all,0.15,0.35,403,0.07233649430598445,0.4094292803970223
D1+E0+SP1,home,0.15,0.0,820,0.0721138595320954,0.5182926829268293
B1+P1,draw,0.15,0.4,160,0.07204568325689441,0.29375
E0,home,0.15,0.0,332,0.07201438439848588,0.5301204819277109
B1,home,0.15,0.45,256,0.07196863568822301,0.67578125
D1+E0+SP1,draw,0.15,0.4,325,0.07179891641256217,0.2953846153846154
B1+P1,all,0.1,0.0,2981,0.07136754407424038,0.480040254948004
B1+D1+E0+E1,draw,0.15,0.0,520,0.07124748616611257,0.28076923076923077
B1+P1,draw+away,0.08,0.45,902,0.07112379686146186,0.5221729490022173
SP1,all,0.15,0.45,469,0.07084411693079708,0.5245202558635395
P1,draw+away,0.1,0.0,832,0.07073770973532362,0.41225961538461536
D1+E0+E1+N1,all,0.2,0.0,671,0.07055800728741111,0.4485842026825633
SP1,home,0.15,0.35,247,0.0702020970679984,0.611336032388664
B1+P1,all,0.08,0.45,2460,0.069767116992175,0.591869918699187
D1+E1,draw,0.1,0.35,554,0.06965379594863477,0.2924187725631769
D1+E0+E1,draw,0.15,0.4,370,0.06962705064136894,0.2972972972972973
B1+D1+E0+E1+F1+I1+N1+P1+SP1+T1,all,0.2,0.0,1909,0.06957944424499232,0.500785751702462
B1,all,0.15,0.45,402,0.06955212231053946,0.5895522388059702
D1,draw,0.08,0.35,338,0.0692990839296938,0.27218934911242604
P1,draw+away,0.08,0.4,747,0.06924719882452361,0.48728246318607765
B1+P1,home,0.08,0.45,1558,0.06920217502087585,0.6322207958921694
B1,home,0.15,0.4,263,0.06885111188502581,0.6615969581749049
B1+P1,draw,0.08,0.4,326,0.06877575329917122,0.3006134969325153
D1+E0+SP1,home,0.15,0.35,722,0.0686899205381913,0.5692520775623269
D1+E0+SP1,away,0.2,0.35,147,0.06851655969711601,0.5034013605442177
B1+D1+E0+P1,all,0.15,0.35,2105,0.06825032646755022,0.5125890736342043
E1,all,0.2,0.45,160,0.06820320842528495,0.4875
D1+E0,home,0.15,0.35,475,0.06781413053594403,0.5473684210526316
D1,home,0.2,0.45,44,0.06767904701016585,0.5909090909090909
P1,all,0.08,0.0,2211,0.06752082837940694,0.48077792853912255
B1+D1+E0+E1+F1+I1+N1+P1+SP1+T1,all,0.2,0.45,1751,0.06750229020584603,0.5322672758423758
B1+D1+E0+E1+F1+I1+N1+P1+SP1+T1,draw,0.2,0.45,400,0.0673906311917762,0.3
E0,draw,0.1,0.4,183,0.06722754072947998,0.30601092896174864
D1+E1,home,0.15,0.35,342,0.06718168418731182,0.5409356725146199
B1+D1+E0+E1,draw+away,0.2,0.45,371,0.06716857630641092,0.40161725067385445
E1,draw,0.08,0.0,504,0.0671190002663658,0.29365079365079366
D1+E0+SP1,draw,0.15,0.45,274,0.06708001756811367,0.2956204379562044
B1,home,0.15,0.35,280,0.0664724793060074,0.6321428571428571
B1+D1+E0+P1,all,0.15,0.4,1988,0.0663895170234516,0.5301810865191147
B1+D1+E0+P1,home,0.1,0.0,3034,0.06618457298905661,0.5369149637442321
SP1,home,0.2,0.35,56,0.06607588679661586,0.5535714285714286
D1+E0+E1+N1,all,0.2,0.35,654,0.06590365398021057,0.45565749235474007
D1+E0+SP1,draw,0.15,0.35,348,0.06584601134916875,0.29022988505747127
B1+P1,home,0.08,0.0,1910,0.0658364153543957,0.5607329842931937
B1+D1+E0+E1+F1+I1+N1+P1+SP1+T1,all,0.2,0.4,1808,0.0657966202518238,0.5210176991150443
N1,home,0.15,0.4,208,0.06565357692826154,0.5961538461538461
B1+D1+E0+E1+F1+I1+N1+P1+SP1+T1,all,0.2,0.35,1860,0.0655972754682816,0.5102150537634409
B1+P1,all,0.1,0.4,2311,0.06536233125606176,0.5517092167892688
D1,draw,0.1,0.0,366,0.06533513870386755,0.24316939890710382
P1,draw+away,0.1,0.35,725,0.06521666265049055,0.44413793103448274
SP1,away,0.1,0.45,370,0.06478236214941098,0.47297297297297297
P1,draw+away,0.1,0.4,632,0.0646735532721424,0.4699367088607595
D1,draw+away,0.08,0.45,371,0.06426920215575457,0.42587601078167114
D1+E0+E1+N1,all,0.2,0.4,636,0.06401400683690879,0.46540880503144655
E0+E1,home,0.15,0.0,513,0.06359591921425131,0.5341130604288499
D1+E0,draw,0.1,0.35,512,0.0635766514860161,0.28125
B1+P1,draw,0.1,0.4,314,0.06286231723365271,0.2961783439490446
B1+P1,draw+away,0.15,0.0,516,0.06273798087108468,0.42441860465116277
B1,draw+away,0.15,0.45,146,0.06269344378047007,0.4383561643835616
B1+P1,home,0.08,0.35,1771,0.06269280268050496,0.5883681535855448
D1+E0+E1+N1,draw,0.15,0.4,421,0.06262406193638162,0.29691211401425177
B1+P1,home,0.08,0.4,1666,0.062424278048062436,0.6080432172869148
D1+E0+E1,draw,0.15,0.35,386,0.0623793748005917,0.2927461139896373
D1+E0+E1,draw,0.08,0.45,313,0.062302249685933064,0.2971246006389776
D1+E0+E1,draw,0.1,0.45,313,0.062302249685933064,0.2971246006389776
B1+D1+E0+E1,draw,0.15,0.4,461,0.062271104364554894,0.2928416485900217
B1+P1,all,0.1,0.35,2667,0.06222489708235522,0.5114360704911886
D1+E0+E1,draw,0.15,0.45,304,0.0621671220537697,0.29605263157894735
B1+D1+E0+E1,home,0.15,0.35,928,0.062069561132718665,0.5743534482758621
N1,home,0.15,0.45,206,0.06198272485275107,0.5970873786407767
D1+E0+SP1,away,0.2,0.0,149,0.06157816997493776,0.4966442953020134
B1+D1+E0+P1,away,0.2,0.45,177,0.06151068945783975,0.559322033898305
B1+D1+E0+P1,away,0.2,0.4,182,0.06121108917403047,0.5494505494505495
E1,all,0.2,0.4,162,0.06117011817642929,0.48148148148148145
B1+D1+E0+E1+F1+I1+N1+P1+SP1+T1,home,0.15,0.0,2667,0.06111398102754414,0.5669291338582677
SP1,away,0.15,0.35,180,0.06110178644270192,0.4388888888888889
D1,draw+away,0.15,0.0,263,0.061018117245356246,0.3041825095057034
P1,away,0.08,0.4,541,0.06082206429171412,0.5526802218114603
D1,draw+away,0.08,0.4,490,0.060267174457965124,0.3979591836734694
D1,all,0.15,0.4,359,0.060225838177102184,0.43454038997214484
SP1,all,0.15,0.4,505,0.060074255859857276,0.502970297029703
N1,all,0.25,0.45,40,0.05990241699433146,0.375
B1+D1+E0+E1+F1+I1+N1+P1+SP1+T1,draw,0.2,0.0,432,0.05987637607400767,0.28703703703703703
D1+E0+E1,home,0.15,0.35,648,0.059752883239170766,0.5493827160493827
D1+E1,draw,0.08,0.35,717,0.0594347584507366,0.2900976290097629
B1+D1+E0+E1,draw,0.15,0.35,484,0.0593924777148108,0.2892561983471074
D1+E0+E1+N1,home,0.15,0.35,860,0.05907199762869574,0.5581395348837209
SP1,away,0.1,0.4,406,0.058544829251020475,0.458128078817734
B1+D1+E0+P1,home,0.1,0.35,2740,0.05852315864915429,0.572992700729927
T1,draw,0.08,0.0,538,0.05843805537120397,0.2936802973977695
E1,all,0.2,0.35,163,0.05826983305999704,0.4785276073619632
E0,home,0.15,0.4,294,0.05823844392323214,0.5748299319727891
P1,draw+away,0.08,0.35,974,0.05817764923055863,0.4353182751540041
D1+E0+SP1,home,0.15,0.4,677,0.05810888687589555,0.5908419497784343
E0,draw,0.08,0.4,186,0.057191712601757996,0.3010752688172043
N1,home,0.15,0.35,212,0.057131506560581476,0.5849056603773585
B1+P1,away,0.1,0.45,630,0.057123418566851526,0.546031746031746
B1+P1,all,0.08,0.4,2882,0.05674037824945784,0.5451075641915336
E1,home,0.15,0.45,162,0.056589968995391274,0.5864197530864198
P1,away,0.1,0.4,438,0.05658801755525777,0.541095890410959
B1+D1+E0+E1,draw+away,0.2,0.4,382,0.056444534472806084,0.39267015706806285
B1+P1,away,0.08,0.45,787,0.056366083345228433,0.5501905972045743
D1+E0+E1+N1,draw,0.15,0.0,498,0.055996869887043596,0.27309236947791166
B1+D1+E0+P1,home,0.08,0.0,4217,0.05537451698988544,0.5152952335783733
B1+D1+E0+P1,home,0.1,0.45,2403,0.05536281701137859,0.616729088639201
P1,draw,0.1,0.0,295,0.055163733269986456,0.27796610169491526
B1,home,0.1,0.0,664,0.054908816352097975,0.5451807228915663
B1,home,0.1,0.45,523,0.05488799658774321,0.6309751434034416
B1+D1+E0+E1+F1+I1+N1+P1+SP1+T1,draw,0.2,0.4,411,0.054858042968353574,0.2944038929440389
D1+E0+SP1,draw,0.1,0.4,544,0.05458586404331402,0.2959558823529412
D1,home,0.1,0.0,586,0.05443665883652385,0.46075085324232085
B1+D1+E0+E1+F1+I1+N1+P1+SP1+T1,home,0.15,0.35,2489,0.05440578029148091,0.5958216151064685
B1+D1+E0+P1,home,0.1,0.4,2576,0.054352526110328266,0.593555900621118
T1,home,0.2,0.35,128,0.054313407168960146,0.625
B1+P1,away,0.1,0.0,925,0.05423370059924641,0.44
B1,all,0.1,0.45,810,0.05409074133078981,0.571604938271605
P1,draw,0.15,0.35,75,0.05337686082044291,0.29333333333333333
D1+E0+E1+N1,all,0.2,0.45,615,0.05329669334632749,0.4715447154471545
D1+E0,all,0.15,0.0,1090,0.05305042183669633,0.42385321100917434
D1,draw+away,0.1,0.45,298,0.052850818060254566,0.3959731543624161
E0+E1,home,0.15,0.4,461,0.05264384704278582,0.5726681127982647
E1,all,0.2,0.0,165,0.05249848022983957,0.4727272727272727
D1+E0+E1,draw,0.1,0.35,803,0.052457958846847834,0.2876712328767123
D1+E0+SP1,draw,0.08,0.4,564,0.05230330430160498,0.29609929078014185
B1+D1+E0+E1,home,0.15,0.4,876,0.05224446074169218,0.593607305936073
B1+D1+E0+E1+F1+I1+N1+P1+SP1+T1,home,0.15,0.4,2384,0.05213040444779224,0.6124161073825504
B1,draw+away,0.1,0.45,287,0.05195356013678179,0.4634146341463415
D1+E0,draw+away,0.2,0.4,199,0.05194799463087609,0.38190954773869346
T1,draw,0.08,0.35,444,0.05183096181313226,0.30405405405405406
E0,home,0.15,0.35,306,0.051624044439182025,0.5588235294117647
D1+E0,draw+away,0.2,0.45,194,0.051594193330140925,0.3865979381443299
E0+E1,all,0.2,0.45,340,0.05153055751980305,0.5058823529411764
B1+D1+E0+E1+F1+I1+N1+P1+SP1+T1,home,0.15,0.45,2290,0.05149034578358429,0.6270742358078603
D1+E0+E1+N1,draw,0.15,0.35,440,0.05117578503813445,0.2909090909090909
B1+P1,all,0.08,0.35,3522,0.05116818969903588,0.49318568994889267
B1+P1,draw+away,0.1,0.0,1533,0.0511220298947165,0.3724722765818656
SP1,away,0.08,0.45,482,0.051031892295081656,0.4730290456431535
B1+D1+E0+P1,all,0.1,0.45,3881,0.05102029939817924,0.5645452203040453
E0+E1,all,0.2,0.4,352,0.0508524562940506,0.4914772727272727
B1+D1+E0+E1+F1+I1+N1+P1+SP1+T1,draw,0.2,0.35,421,0.05085210006788824,0.28978622327790976
SP1,draw+away,0.1,0.45,483,0.05074911006619023,0.43478260869565216
E0+E1,home,0.15,0.45,447,0.050425178153791286,0.5861297539149888
B1+D1+E0+P1,draw+away,0.15,0.4,943,0.05008418510384525,0.41569459172852596
B1+D1+E0+P1,home,0.08,0.35,3720,0.04978798134064542,0.5577956989247311
B1+P1,draw,0.15,0.35,173,0.04955941101205682,0.2832369942196532
SP1,home,0.1,0.0,963,0.04944147420155356,0.5316718587746625
B1,all,0.15,0.0,504,0.049419455529733924,0.5079365079365079
D1+E0+E1+N1,home,0.15,0.4,821,0.049316684003821436,0.5724725943970768
SP1,all,0.15,0.35,537,0.04924066473757405,0.4823091247672253
E1,draw,0.08,0.35,379,0.0492231736900189,0.30606860158311344
D1,home,0.08,0.0,905,0.049134864140547733,0.45414364640883975
B1+P1,all,0.08,0.0,4214,0.049027690386330806,0.4416231608922639
SP1,home,0.08,0.45,1108,0.0489046941680856,0.6137184115523465
E1,home,0.15,0.0,181,0.048870661175586715,0.5414364640883977
SP1,all,0.1,0.45,1252,0.04876729234587404,0.5439297124600639
D1+E0+SP1,home,0.15,0.45,643,0.04866652117900289,0.6065318818040435
SP1,home,0.08,0.0,1392,0.04789975247494985,0.5323275862068966
SP1,home,0.1,0.45,769,0.047882469617336075,0.6124837451235371
B1+D1+E0+P1,draw,0.1,0.35,1034,0.04775957373122373,0.27949709864603484
D1+E0+SP1,home,0.1,0.0,2549,0.047012931678901,0.5025500196155355
E0+E1,home,0.15,0.35,479,0.04688950206287939,0.55741127348643
E0,home,0.15,0.45,285,0.04682193873760035,0.5859649122807018
E0+E1,draw,0.1,0.4,397,0.04680590302886436,0.30730478589420657
B1+D1+E0+E1,home,0.15,0.45,843,0.04677344006754812,0.6073546856465006
SP1,all,0.08,0.45,1703,0.046736564017127315,0.5537287140340575
B1+D1+E0+E1,home,0.1,0.0,2874,0.04671068416924401,0.5
B1,home,0.1,0.4,557,0.04668319168435083,0.6050269299820467
D1+E1,home,0.1,0.0,1210,0.04664911178154482,0.47603305785123967
B1,draw,0.15,0.35,98,0.04657351150599888,0.2755102040816326
B1,draw,0.15,0.0,98,0.04657351150599888,0.2755102040816326
D1,draw+away,0.15,0.35,234,0.04655082197839448,0.3247863247863248
B1+D1+E0+P1,draw+away,0.08,0.45,1837,0.046522586555972176,0.4964616222101252
B1,draw+away,0.08,0.45,357,0.04620098387562933,0.4649859943977591
T1,home,0.2,0.4,124,0.045960880423930664,0.6370967741935484
B1+D1+E0+P1,home,0.08,0.4,3473,0.045866287180654434,0.5781744889144832
B1+D1+E0+P1,all,0.08,0.45,5038,0.04567436493950994,0.5625248114331084
B1+D1+E0+E1,draw,0.1,0.35,1074,0.04556804695688576,0.28212290502793297
D1+E0+E1,away,0.25,0.45,40,0.0454631868856048,0.55
D1+E0+E1,away,0.25,0.4,40,0.0454631868856048,0.55
D1+E0+SP1,home,0.08,0.0,3699,0.04543672739458815,0.49824276831576103
SP1,home,0.15,0.0,294,0.04541318376016153,0.5272108843537415
D1,home,0.1,0.35,497,0.04541275241575113,0.5110663983903421
D1+E0,home,0.1,0.0,1586,0.045401529475378566,0.4848675914249685
B1+D1+E0+P1,home,0.08,0.45,3201,0.04528768512877142,0.6004373633239612
B1+P1,draw+away,0.08,0.4,1216,0.045023584026310424,0.4588815789473684
B1,all,0.15,0.4,457,0.04478987098991917,0.5382932166301969
B1+D1+E0+P1,all,0.1,0.4,4627,0.04460475882617478,0.5180462502701535
B1+P1,away,0.08,0.35,1014,0.044575890754049344,0.4881656804733728
E0+E1,all,0.2,0.35,357,0.044340813615884205,0.484593837535014
D1+E0+SP1,all,0.15,0.4,1431,0.044259430728039784,0.47938504542278126
B1+D1+E0+P1,away,0.2,0.35,188,0.044246234557840776,0.5319148936170213
B1+D1+E0+P1,away,0.2,0.0,188,0.044246234557840776,0.5319148936170213
E0+E1,all,0.2,0.0,366,0.04419568349691652,0.47540983606557374
B1+P1,draw,0.1,0.0,608,0.04417029838412787,0.26973684210526316
SP1,away,0.1,0.35,431,0.043980339763441643,0.4408352668213457
D1+E1,all,0.15,0.0,892,0.043841487247898665,0.3957399103139013
D1+E0,home,0.08,0.0,2307,0.043742668313379356,0.47767663632423063
D1+E0+E1,home,0.1,0.0,2210,0.04369716986464824,0.48642533936651583
D1+E0,home,0.15,0.4,446,0.0436583028345945,0.5627802690582959
D1+E0+E1,home,0.15,0.4,613,0.043484586530926204,0.564437194127243
B1,home,0.1,0.35,602,0.04332529274636622,0.574750830564784
D1+E1,draw,0.08,0.0,1057,0.04330824933378653,0.261116367076632
D1+E0+SP1,all,0.15,0.45,1282,0.04327899104016856,0.5046801872074883
B1+D1+E0+E1+F1+I1+N1+P1+SP1+T1,home,0.1,0.0,7539,0.043164600009352475,0.5210240084891895
B1,all,0.1,0.0,1365,0.043153324982711856,0.43223443223443225
D1+E1,home,0.1,0.35,1086,0.04304264471271156,0.511049723756906
E1,home,0.15,0.4,167,0.043038349773245686,0.5688622754491018
B1+P1,away,0.1,0.35,777,0.04266723765514787,0.48906048906048905
B1+D1+E0+P1,all,0.08,0.4,5991,0.04260299225775145,0.5212819228843265
D1+E0+E1+N1,draw,0.1,0.35,877,0.04246158543104973,0.28506271379703535
E0+E1,draw,0.08,0.4,403,0.04240987773594931,0.3052109181141439
SP1,draw+away,0.15,0.45,251,0.04237544382030437,0.398406374501992
E0,all,0.2,0.4,190,0.042348568876894054,0.5
D1+E0+SP1,all,0.15,0.35,1529,0.04223373572923962,0.460431654676259
N1,all,0.25,0.0,41,0.04222305607204872,0.36585365853658536
N1,all,0.25,0.35,41,0.04222305607204872,0.36585365853658536
N1,all,0.25,0.4,41,0.04222305607204872,0.36585365853658536
T1,home,0.2,0.45,117,0.04216600523610093,0.6581196581196581
B1+D1+E0+E1,draw+away,0.2,0.35,391,0.04189860383879284,0.3836317135549872
T1,home,0.25,0.45,55,0.041764245679447635,0.6909090909090909
B1+D1+E0+P1,draw+away,0.1,0.45,1478,0.04168941098889563,0.479702300405954
E1,away,0.1,0.0,366,0.04163667093585116,0.3524590163934426
B1,all,0.15,0.35,490,0.041457180465989486,0.5142857142857142
B1+D1+E0+E1+F1+I1+N1+P1+SP1+T1,draw+away,0.2,0.45,964,0.041447027744526854,0.4242738589211618
D1+E0+SP1,all,0.15,0.0,1696,0.04134634937033925,0.42806603773584906
P1,away,0.08,0.0,747,0.041318998865008026,0.44712182061579653
SP1,draw+away,0.08,0.45,595,0.04125516303234005,0.44201680672268906
B1+D1+E0+E1,all,0.15,0.0,2029,0.04107984436664913,0.44208969935929027
T1,home,0.1,0.4,803,0.04099981975919327,0.5765877957658779
D1+E0+E1+N1,home,0.15,0.45,793,0.040960344259147866,0.5825977301387137
B1+D1+E0+P1,all,0.1,0.0,6292,0.040904072908635715,0.43420216147488877
B1+D1+E0+E1+F1+I1+N1+P1+SP1+T1,all,0.15,0.45,4463,0.04090187364861812,0.5346179699753529
SP1,home,0.08,0.4,1187,0.040844066136383285,0.5897219882055602
E1,home,0.1,0.35,589,0.04081184358509349,0.5110356536502547
D1,all,0.15,0.45,317,0.04068911997880419,0.45110410094637227
B1+P1,draw+away,0.1,0.4,1014,0.04065891895050241,0.4447731755424063
E0,draw+away,0.25,0.0,35,0.04063878255880445,0.4
E0,draw+away,0.25,0.35,35,0.04063878255880445,0.4
E0,draw+away,0.25,0.4,35,0.04063878255880445,0.4
E0,draw+away,0.25,0.45,35,0.04063878255880445,0.4
E0,home,0.08,0.0,1402,0.040597790837422106,0.492867332382311
SP1,home,0.1,0.4,820,0.04050129305774704,0.5902439024390244
T1,home,0.2,0.0,133,0.040496701330029604,0.6015037593984962
E0,home,0.1,0.0,1000,0.04043197988066215,0.499
E0,home,0.08,0.45,1049,0.040185578286852354,0.5862726406101049
D1+E1,draw+away,0.15,0.45,377,0.04001188539210865,0.363395225464191
E0,home,0.1,0.45,781,0.039968904632836914,0.5851472471190781
T1,home,0.1,0.45,762,0.039912720550853854,0.5918635170603674
E0+E1,home,0.1,0.0,1624,0.03990112463862428,0.4956896551724138
D1+E1,all,0.15,0.35,811,0.03982004386468784,0.4204685573366215
B1+D1+E0+E1,home,0.1,0.35,2563,0.03968281013525639,0.537651190011705
B1+D1+E0+P1,all,0.1,0.35,5378,0.03944860811921229,0.47861658609148383
D1+E0+E1,home,0.08,0.0,3319,0.03942313538583795,0.4754444109671588
B1,all,0.08,0.45,1038,0.03941222390755616,0.5568400770712909
E0,home,0.08,0.4,1125,0.039393580588446886,0.5662222222222222
B1+D1+E0+P1,away,0.15,0.45,488,0.039382627164672085,0.5348360655737705
B1+D1+E0+E1+F1+I1+N1+P1+SP1+T1,draw+away,0.2,0.4,988,0.03928586096519031,0.4180161943319838
D1,draw+away,0.1,0.4,387,0.03905015855208438,0.3643410852713178
E1,home,0.1,0.0,624,0.03894650466011967,0.49038461538461536
B1+D1+E0+P1,draw+away,0.15,0.35,1006,0.03890304533465011,0.3996023856858847
E1,home,0.15,0.35,173,0.03873409331307612,0.5549132947976878
B1+P1,draw+away,0.1,0.35,1299,0.03865851314495062,0.40415704387990764
D1+E1,home,0.08,0.0,1917,0.038437657585512514,0.46270213875847677
B1+P1,away,0.08,0.4,890,0.038408740728235,0.5168539325842697
D1+E0+E1,home,0.1,0.35,1961,0.03831833894189833,0.5262621111677716
D1+E0,all,0.15,0.35,992,0.038316457712732385,0.4485887096774194
D1+E1,draw,0.1,0.0,722,0.03822476578378826,0.2590027700831025
B1+D1+E0+E1,all,0.15,0.45,1577,0.03818229026608207,0.5098287888395688
B1+D1+E0+E1+F1+I1+N1+P1+SP1+T1,home,0.1,0.45,6091,0.03817223144698638,0.5920210146117222
D1+E0+E1+N1,draw,0.08,0.45,353,0.03816526009222106,0.29178470254957506
D1+E0+E1+N1,draw,0.1,0.45,353,0.03816526009222106,0.29178470254957506
B1+D1+E0+E1+F1+I1+N1+P1+SP1+T1,home,0.1,0.35,6855,0.03801289970229037,0.5556528081692196
D1+E0+E1,draw+away,0.2,0.45,289,0.03779620630318528,0.3806228373702422
E1,draw,0.2,0.45,56,0.037769068295897726,0.30357142857142855
D1+E0+E1,all,0.15,0.0,1525,0.03774565747249572,0.42032786885245904
B1+D1+E0+E1,home,0.08,0.0,4228,0.03770621121579612,0.4832071901608325
B1+D1+E0+E1+F1+I1+N1+P1+SP1+T1,draw+away,0.2,0.0,1021,0.037695626474805836,0.40842311459353575
D1+E0+E1+N1,draw,0.15,0.45,344,0.03767140210788976,0.29069767441860467
E0,all,0.2,0.45,180,0.0375140462858469,0.5222222222222223
B1+D1+E0+E1,draw+away,0.2,0.0,394,0.03748372209302784,0.38071065989847713
E0,all,0.2,0.0,201,0.037465660199569976,0.47761194029850745
T1,home,0.1,0.35,843,0.03742994244768761,0.5575326215895611
D1+E0,home,0.1,0.35,1372,0.03739068717706173,0.532798833819242
B1+D1+E0+E1+F1+I1+N1+P1+SP1+T1,all,0.15,0.4,4867,0.03734400302099437,0.5105814670228067
P1,draw,0.1,0.35,251,0.037337247466313714,0.2908366533864542
B1+D1+E0+E1+F1+I1+N1+P1+SP1+T1,home,0.1,0.4,6484,0.03727344417595383,0.5737199259716225
D1+E0+E1,draw,0.08,0.35,1069,0.03722811930841355,0.28344246959775493
N1,all,0.15,0.4,355,0.03701091880609244,0.5267605633802817
D1+E0+SP1,home,0.1,0.35,2223,0.036986434950912354,0.5492577597840755
B1,home,0.08,0.45,681,0.03689614055461589,0.604992657856094
B1+D1+E0+E1+F1+I1+N1+P1+SP1+T1,draw,0.08,0.45,791,0.03658546043814375,0.2996207332490518
B1+D1+E0+E1+F1+I1+N1+P1+SP1+T1,draw,0.1,0.45,791,0.03658546043814375,0.2996207332490518
D1+E1,draw+away,0.15,0.4,439,0.03656527714658296,0.34851936218678814
B1+D1+E0+P1,draw+away,0.08,0.4,2518,0.03649884477198198,0.44281175536139794
SP1,home,0.08,0.35,1229,0.036497167645754454,0.5760781122864117
T1,home,0.08,0.45,1030,0.03639099917341121,0.5766990291262136
SP1,home,0.1,0.35,851,0.03638373806887998,0.5757931844888367
SP1,away,0.1,0.0,568,0.03634787171222424,0.3732394366197183
E0+E1,home,0.1,0.45,1302,0.0360574311427894,0.565284178187404
E1,all,0.1,0.35,1144,0.03605364537424936,0.4344405594405594
E1,home,0.08,0.35,941,0.03597908024101872,0.4952178533475027
SP1,away,0.08,0.4,543,0.035914239035415865,0.44935543278084716
E0+E1,home,0.08,0.0,2414,0.035902270566222444,0.48342999171499584
E0+E1,home,0.1,0.35,1464,0.03588731115941959,0.5314207650273224
B1+D1+E0+E1+F1+I1+N1+P1+SP1+T1,all,0.15,0.35,5090,0.03586955377454059,0.4962671905697446
E0+E1,home,0.08,0.35,2134,0.03579836379043377,0.5243673851921274
D1+E0+SP1,draw+away,0.15,0.45,639,0.03568629581379402,0.40219092331768386
E0,home,0.08,0.35,1193,0.03568470893783323,0.5473595976529757
B1+D1+E0+P1,draw+away,0.15,0.0,1080,0.03567059200632146,0.38055555555555554
B1+D1+E0+E1+F1+I1+N1+P1+SP1+T1,draw+away,0.2,0.35,1008,0.03552826768662853,0.4117063492063492
D1+E0+SP1,home,0.08,0.35,3178,0.03543158565071942,0.5478288231592197
D1+E0,all,0.15,0.4,926,0.03537826881102062,0.46652267818574517
E0,home,0.1,0.4,829,0.035334140105543116,0.5621230398069964
B1+D1+E0+E1+F1+I1+N1+P1+SP1+T1,all,0.15,0.0,5463,0.035329759731023085,0.4713527365916163
D1+E0+E1,home,0.08,0.35,2890,0.03505238266474659,0.5186851211072664
D1+E0,home,0.08,0.35,1949,0.0346817750960812,0.530015392508979
D1+E1,home,0.08,0.35,1697,0.03452610075846493,0.4985268120212139
D1+E0+E1+N1,all,0.15,0.0,1944,0.03444078263510033,0.4295267489711934
D1+E0,draw+away,0.2,0.35,205,0.03422337841303553,0.37073170731707317
D1+E0+E1,away,0.25,0.35,41,0.034180004637653014,0.5365853658536586
D1+E0+E1,away,0.25,0.0,41,0.034180004637653014,0.5365853658536586
B1+D1+E0+E1+F1+I1+N1+P1+SP1+T1,all,0.1,0.45,10136,0.03405639869723709,0.5426203630623521
B1,draw,0.1,0.0,313,0.03386003725992994,0.26198083067092653
B1+D1+E0+E1+F1+I1+N1+P1+SP1+T1,draw,0.15,0.45,742,0.03376123799098163,0.29514824797843664
D1+E0+E1,draw+away,0.2,0.4,296,0.03370263178293005,0.375
B1+P1,away,0.1,0.4,700,0.03364485659938098,0.5114285714285715
B1+D1+E0+P1,all,0.08,0.35,7311,0.03364143717910678,0.47120776911503215
B1+D1+E0+E1,home,0.08,0.35,3696,0.03362747190347458,0.5257034632034632
D1+E0+E1,home,0.15,0.45,587,0.03332895338625147,0.5775127768313458
D1+E0+E1+N1,home,0.1,0.0,2889,0.033290962546072896,0.48771201107649703
E0+E1,home,0.08,0.45,1858,0.03319986009350357,0.5575888051668461
B1+D1+E0+E1,all,0.15,0.35,1890,0.03319912874130172,0.46190476190476193
T1,home,0.08,0.4,1101,0.03313766239667248,0.5567665758401453
D1+E1,all,0.15,0.4,758,0.03310577011630402,0.43535620052770446
E0,home,0.1,0.35,875,0.03306805906232246,0.5451428571428572
D1+E1,draw+away,0.1,0.4,823,0.033009997625801625,0.370595382746051
P1,draw+away,0.08,0.0,1210,0.032976194857705816,0.3776859504132231
E1,all,0.1,0.0,1346,0.03295287428001052,0.39598811292719166
E0,all,0.2,0.35,194,0.03293294513699023,0.4896907216494845
D1,home,0.08,0.35,756,0.03293018464276889,0.5026455026455027
B1+D1+E0+E1+F1+I1+N1+P1+SP1+T1,home,0.08,0.0,10856,0.03288632375531416,0.502855563743552
B1,home,0.08,0.0,909,0.03262178963992268,0.5115511551155115
B1+D1+E0+E1,all,0.15,0.4,1782,0.03254344315376073,0.4781144781144781
D1+E0+SP1,home,0.08,0.4,2994,0.03232851136929863,0.5661322645290581
SP1,all,0.1,0.4,1435,0.03221578634540532,0.5059233449477352
E0+E1,home,0.08,0.4,1974,0.032090660156630056,0.5430597771023303
B1,all,0.1,0.4,939,0.031878443572751866,0.5228966986155484
D1+E0,draw+away,0.15,0.45,388,0.031821383573206984,0.40463917525773196
E1,draw,0.1,0.35,291,0.031483631654933855,0.29896907216494845
E0+E1,home,0.1,0.4,1365,0.03147531907571031,0.5487179487179488
E1,draw+away,0.08,0.0,1246,0.03146738515063001,0.30337078651685395
B1+D1+E0+E1+F1+I1+N1+P1+SP1+T1,draw,0.1,0.4,1668,0.03138470536766308,0.29556354916067146
B1+P1,draw+away,0.08,0.35,1751,0.03127552529939136,0.3969160479725871
D1+E0+SP1,home,0.1,0.4,2099,0.03110492884794685,0.5664602191519771
B1+D1+E0+E1+F1+I1+N1+P1+SP1+T1,away,0.2,0.4,577,0.031036379007195556,0.5060658578856152
D1+E0,draw,0.08,0.35,690,0.030946069611750365,0.2710144927536232
D1+E0+E1+N1,draw,0.08,0.35,1159,0.03075910334641609,0.28213977566867987
B1+D1+E0+E1,home,0.1,0.4,2372,0.030692487243412208,0.5586003372681282
E1,draw,0.08,0.4,217,0.03049784066082013,0.3087557603686636
E1,draw,0.1,0.4,214,0.030381877308004193,0.308411214953271
B1,home,0.08,0.4,738,0.030364572666825573,0.5785907859078591
B1+D1+E0+E1+F1+I1+N1+P1+SP1+T1,all,0.1,0.4,11862,0.030158326334911403,0.5050581689428427
D1+E0+E1+N1,home,0.1,0.35,2542,0.03013695300087306,0.532258064516129
D1+E1,draw+away,0.08,0.4,1068,0.030135349111516958,0.38295880149812733
D1+E0+SP1,home,0.08,0.45,2751,0.030043726959079035,0.5877862595419847
B1+D1+E0+E1,home,0.1,0.45,2223,0.029976867552856976,0.5775978407557355
B1,draw,0.15,0.4,91,0.029837728384614924,0.27472527472527475
E0,all,0.15,0.0,633,0.029806977267015998,0.4549763033175355
D1+E1,home,0.15,0.4,319,0.029805648305918444,0.554858934169279
D1+E0+E1,all,0.15,0.35,1400,0.029797008261780365,0.44357142857142856
D1+E1,all,0.15,0.45,679,0.02978752788958825,0.45508100147275404
SP1,all,0.08,0.4,1956,0.029757749366865323,0.5143149284253579
D1+E0+SP1,home,0.1,0.45,1948,0.02973794263220976,0.5882956878850103
D1+E0+E1+N1,all,0.15,0.4,1680,0.029725846587847944,0.4720238095238095
E1,all,0.08,0.0,2258,0.029718278533470338,0.37821080602302926
D1+E0+SP1,all,0.08,0.45,4281,0.029692472352963385,0.5421630460172857
E1,draw+away,0.1,0.35,555,0.029508750915718713,0.35315315315315315
B1,home,0.08,0.35,806,0.02948937648397281,0.5508684863523573
B1+P1,draw,0.1,0.35,522,0.02940417052296399,0.2777777777777778
B1+D1+E0+E1+F1+I1+N1+P1+SP1+T1,home,0.08,0.45,8523,0.029296253320742777,0.5762055614220345
E1,home,0.1,0.45,521,0.029163736205624652,0.5355086372360844
B1+D1+E0+E1+F1+I1+N1+P1+SP1+T1,all,0.08,0.45,13554,0.029144681858219137,0.5400619743249225
B1+D1+E0+E1+F1+I1+N1+P1+SP1+T1,home,0.08,0.35,9749,0.029073055950025285,0.5396450918042877
D1+E0+SP1,draw+away,0.08,0.45,1530,0.028925725199938516,0.46013071895424834
B1+D1+E0+E1+F1+I1+N1+P1+SP1+T1,draw+away,0.08,0.45,5031,0.02883465570116146,0.47883124627310675
T1,home,0.08,0.35,1165,0.028810418159702682,0.5373390557939914
B1+P1,draw,0.15,0.0,186,0.028789018639904254,0.26881720430107525
T1,all,0.1,0.45,1187,0.028775866893022833,0.5475989890480202
SP1,draw+away,0.15,0.4,274,0.02870411785998205,0.38321167883211676
B1+D1+E0+P1,draw,0.1,0.0,1324,0.028659354379815663,0.25302114803625375
B1+D1+E0+E1+F1+I1+N1+P1+SP1+T1,home,0.08,0.4,9161,0.028549875758408356,0.5577993668813448
T1,home,0.1,0.0,892,0.028491184856474307,0.5336322869955157
B1+D1+E0+P1,all,0.08,0.0,9158,0.028282219268567246,0.4107883817427386
E0,all,0.08,0.4,1937,0.02823287559433605,0.5157459989674755
D1+E0,draw+away,0.08,0.4,1302,0.02822687512959077,0.42780337941628266
E1,home,0.08,0.0,1012,0.02818873569390864,0.47035573122529645
D1+E0+E1+N1,all,0.15,0.35,1766,0.02815952372948762,0.4575311438278596
D1+E0+SP1,all,0.08,0.4,5065,0.028069093751277748,0.5050345508390918
N1,draw,0.2,0.0,37,0.027997144858577454,0.2702702702702703
D1+E0+E1+N1,home,0.08,0.0,4282,0.02794305035283304,0.4773470340962167
D1+E0+SP1,all,0.1,0.45,3164,0.027880463172773182,0.531921618204804
B1+D1+E0+E1+F1+I1+N1+P1+SP1+T1,away,0.2,0.45,564,0.02780071677271963,0.5124113475177305
B1,all,0.1,0.35,1176,0.027766103356946164,0.46683673469387754
E1,away,0.1,0.35,264,0.027688060641352857,0.4128787878787879
SP1,away,0.15,0.0,196,0.027668108393214763,0.40816326530612246
D1+E0+E1,all,0.15,0.4,1325,0.027507929298256323,0.4573584905660377
D1+E0,all,0.15,0.45,813,0.027346668851545377,0.4932349323493235
B1+D1+E0+E1+F1+I1+N1+P1+SP1+T1,away,0.2,0.35,587,0.027336335027106418,0.4991482112436116
B1+D1+E0+E1+F1+I1+N1+P1+SP1+T1,away,0.08,0.45,4240,0.027310636549360112,0.5122641509433963
E1,draw+away,0.1,0.4,436,0.027079927734822568,0.3761467889908257
T1,all,0.08,0.45,1534,0.027059487997221358,0.5430247718383312
D1+E0,all,0.08,0.4,3109,0.026963750075984585,0.4991958829205532
B1+D1+E0+P1,draw+away,0.1,0.4,2051,0.026879155023425756,0.4232081911262799
N1,draw,0.08,0.4,54,0.026866709040440105,0.2962962962962963
N1,draw,0.1,0.4,54,0.026866709040440105,0.2962962962962963
B1+P1,away,0.08,0.0,1348,0.026813106631286245,0.4013353115727003
B1+D1+E0+E1,draw,0.08,0.35,1436,0.02635698355721906,0.2764623955431755
D1+E1,all,0.1,0.35,2219,0.026297975485581677,0.42000901306895
D1+E0,home,0.08,0.4,1807,0.026214278008654928,0.5506364139457665
D1+E0+SP1,draw+away,0.15,0.4,754,0.026202137661163555,0.3793103448275862
D1+E0,draw+away,0.2,0.0,208,0.026173703987870934,0.36538461538461536
SP1,away,0.08,0.35,580,0.02616441894266306,0.43448275862068964
B1+D1+E0+E1+F1+I1+N1+P1+SP1+T1,draw+away,0.1,0.45,4045,0.02613888551685732,0.46823238566131026
B1+D1+E0+E1,home,0.08,0.4,3394,0.026009532329400172,0.547142015321155
B1+D1+E0+E1+F1+I1+N1+P1+SP1+T1,all,0.1,0.35,13431,0.02574939356957752,0.4739781103417467
E1,draw+away,0.1,0.0,722,0.025736315580469373,0.314404432132964
B1+D1+E0+P1,away,0.08,0.45,1538,0.025686181557597432,0.5312093628088427
B1+D1+E0+E1+F1+I1+N1+P1+SP1+T1,away,0.2,0.0,589,0.025662061825797104,0.49745331069609505
B1+D1+E0+E1+F1+I1+N1+P1+SP1+T1,draw,0.08,0.4,1744,0.02562448534689842,0.29357798165137616
E0,all,0.08,0.45,1613,0.02559401110799736,0.5567265964042157
E1,all,0.1,0.4,972,0.025576574390121617,0.45987654320987653
D1+E0+E1,all,0.15,0.45,1175,0.025183571612738317,0.4825531914893617
B1+D1+E0+E1+F1+I1+N1+P1+SP1+T1,all,0.08,0.4,15872,0.024967373023750378,0.5041582661290323
B1+D1+E0+E1+F1+I1+N1+P1+SP1+T1,all,0.1,0.0,15686,0.02489901274341483,0.42942751498151216
D1+E0+SP1,all,0.1,0.4,3751,0.024863623603528142,0.49266862170087977
D1+E0,draw+away,0.15,0.4,480,0.02485235959521646,0.3770833333333333
D1,all,0.08,0.4,1172,0.0247539961142158,0.4718430034129693
B1+D1+E0+E1,all,0.1,0.45,3566,0.02472293546101472,0.5238362310712282
D1+E0,home,0.1,0.4,1279,0.02470445959179109,0.5512118842845973
D1+E0+E1,home,0.1,0.4,1815,0.024671543560437586,0.5443526170798898
B1,away,0.1,0.45,234,0.024651894468948256,0.49572649572649574
D1+E0+E1+N1,home,0.08,0.35,3701,0.024599921636920798,0.5244528505809241
E1,home,0.1,0.4,536,0.024581905726838518,0.5279850746268657
B1+D1+E0+E1+F1+I1+N1+P1+SP1+T1,draw+away,0.15,0.45,2173,0.02450673140370456,0.43718361711919007
D1+E0+E1,home,0.08,0.4,2656,0.024503068862562354,0.5384036144578314
E1,away,0.1,0.4,222,0.024326466158868694,0.44144144144144143
B1+D1+E0+E1,all,0.1,0.4,4227,0.024225385512912645,0.48734326945824463
D1+E0,home,0.15,0.45,425,0.024170868535989425,0.5741176470588235
D1+E0+SP1,draw+away,0.1,0.45,1216,0.02412693867419015,0.44161184210526316
SP1,all,0.1,0.0,1900,0.02407305114923612,0.42736842105263156
B1+D1+E0+E1,draw+away,0.15,0.45,734,0.02400740372989409,0.3978201634877384
SP1,all,0.1,0.35,1591,0.023825410851678146,0.47894406033940917
B1,all,0.08,0.0,2003,0.023814899845998085,0.39840239640539193
D1+E0+E1+N1,all,0.15,0.45,1512,0.023745621016365126,0.4933862433862434
B1+D1+E0+E1+F1+I1+N1+P1+SP1+T1,away,0.1,0.45,3254,0.023727254496562197,0.509219422249539
N1,all,0.15,0.0,419,0.023583344936013013,0.4630071599045346
B1+P1,draw+away,0.08,0.0,2304,0.023421622122256493,0.3428819444444444
B1,draw+away,0.1,0.0,701,0.02337925843385214,0.3252496433666191
E1,all,0.08,0.35,1800,0.023174854577015257,0.42055555555555557
D1+E0+E1,all,0.08,0.4,4536,0.023054205406336382,0.4852292768959436
B1+D1+E0+E1,home,0.08,0.45,3133,0.022811011592023266,0.5649537184806894
B1+D1+E0+E1,all,0.08,0.4,5743,0.022792662503513243,0.4913808114226014
E0+E1,all,0.1,0.4,2451,0.022771754554572077,0.4851081191350469
N1,all,0.15,0.35,366,0.022699029114104173,0.5109289617486339
D1+E1,draw+away,0.1,0.45,621,0.02266795132664188,0.3896940418679549
D1+E1,all,0.1,0.0,2744,0.02251542058110109,0.3717201166180758
SP1,all,0.08,0.0,2783,0.022507202427151617,0.42112827883578874
D1,draw,0.08,0.0,553,0.022503219138889256,0.2314647377938517
E0+E1,all,0.08,0.4,3364,0.02245117840234214,0.48989298454221164
SP1,all,0.08,0.35,2230,0.022428546538687148,0.48251121076233183
D1+E1,all,0.1,0.4,1809,0.022173333511258355,0.4571586511885019
B1,draw,0.1,0.35,271,0.02215602983086753,0.2656826568265683
B1,all,0.08,0.4,1207,0.02195248995106312,0.5144987572493787
D1+E0,draw+away,0.08,0.45,935,0.021871818967657358,0.4716577540106952
E1,home,0.08,0.45,809,0.021866232081551237,0.5203955500618047
D1+E0+E1,all,0.1,0.4,3288,0.021688416742237072,0.4771897810218978
D1+E0+E1,draw+away,0.2,0.35,302,0.02162467665690785,0.3675496688741722
B1+D1+E0+E1,all,0.1,0.0,6022,0.021612313048134095,0.402524078379276
D1+E1,draw+away,0.08,0.45,791,0.021610195497146576,0.404551201011378
B1,away,0.08,0.45,304,0.021593025310590166,0.4901315789473684
B1+D1+E0+E1,all,0.1,0.35,5031,0.021566429423674732,0.44841979725700654
T1,home,0.08,0.0,1245,0.02151970237006923,0.5124497991967871
E0+E1,draw,0.1,0.35,540,0.0214737960720988,0.28888888888888886
B1,draw,0.08,0.4,120,0.021396930826549834,0.275
B1,draw,0.1,0.4,120,0.021396930826549834,0.275
B1,draw,0.08,0.0,493,0.021350695489234142,0.25557809330628806
E0,all,0.1,0.4,1479,0.02113542637768557,0.5016903313049358
B1+D1+E0+E1,all,0.08,0.45,4845,0.021053052695310166,0.5240454076367389
B1+D1+E0+E1+F1+I1+N1+P1+SP1+T1,away,0.15,0.45,1431,0.020877936514895102,0.5108315863032844
SP1,draw+away,0.15,0.35,290,0.020776927549257498,0.3724137931034483
D1+E1,home,0.15,0.45,302,0.020707485479901155,0.5695364238410596
SP1,all,0.15,0.0,606,0.02068026591308945,0.43564356435643564
D1+E0+E1,draw+away,0.08,0.4,1880,0.02061376230413589,0.4101063829787234
E0+E1,all,0.1,0.35,2780,0.020564703240245133,0.45755395683453237
D1+E0+E1,home,0.1,0.45,1700,0.02051372524283353,0.5611764705882353
B1+D1+E0+E1+F1+I1+N1+P1+SP1+T1,all,0.08,0.35,18868,0.020459732579654197,0.4653381386474454
E0,all,0.15,0.4,567,0.020441472892672872,0.48677248677248675
B1+D1+E0+E1+F1+I1+N1+P1+SP1+T1,draw,0.15,0.4,933,0.020348469368225045,0.2872454448017149
E0,all,0.1,0.45,1216,0.020310809494130805,0.5476973684210527
D1+E0,all,0.1,0.4,2316,0.020231531522704016,0.4844559585492228
E1,home,0.08,0.4,849,0.02014685217731512,0.5123674911660777
D1+E0+SP1,draw+away,0.08,0.4,2071,0.02010031369842522,0.41670690487687106
T1,all,0.1,0.0,1755,0.020029580597031072,0.449002849002849
E1,all,0.15,0.45,362,0.02002849360521609,0.4585635359116022
T1,all,0.08,0.35,2175,0.019811976196970154,0.46482758620689657
E0+E1,all,0.15,0.45,858,0.019604604888193437,0.49417249417249415
E0+E1,draw,0.08,0.35,731,0.01951403710784163,0.28864569083447333
D1+E0+E1,all,0.1,0.35,3855,0.0194668979640501,0.44280155642023344
D1+E0+E1+N1,home,0.1,0.4,2363,0.019453235269006663,0.5497249259415996
E0,all,0.15,0.45,496,0.019319733327656696,0.5201612903225806
N1,all,0.15,0.45,337,0.019202098235507024,0.5311572700296736
B1+D1+E0+P1,away,0.15,0.4,561,0.018925424610478827,0.4919786096256685
E0+E1,all,0.08,0.45,2842,0.018725233972824575,0.5211118930330753
D1+E1,all,0.08,0.4,2599,0.018714148578266088,0.46248557137360524
E0+E1,all,0.1,0.45,2060,0.01867566427744538,0.5189320388349514
N1,draw,0.15,0.4,51,0.018631474724629952,0.29411764705882354
B1+D1+E0+E1+F1+I1+N1+P1+SP1+T1,draw+away,0.08,0.4,6711,0.018622920193615486,0.4309342869915065
E1,away,0.1,0.45,194,0.01861445255683129,0.4536082474226804
D1,all,0.1,0.4,837,0.018608691515150735,0.4540023894862604
E0+E1,all,0.08,0.35,4035,0.018539885507303924,0.45204460966542753
B1+D1+E0+E1+F1+I1+N1+P1+SP1+T1,draw+away,0.1,0.4,5378,0.018294952661974687,0.4222759390107847
D1+E1,all,0.08,0.35,3354,0.018242071591239147,0.41681574239713776
D1+E1,all,0.08,0.0,4418,0.018220789329841905,0.362154821186057
T1,all,0.08,0.0,2480,0.018173726625696933,0.4310483870967742
D1+E0,all,0.08,0.45,2578,0.01816811798849312,0.534522885958107
T1,all,0.1,0.4,1455,0.018069011473725895,0.4948453608247423
B1+D1+E0+E1,draw,0.1,0.0,1385,0.017978918088604256,0.25342960288808664
D1+E0+E1,home,0.08,0.45,2452,0.017894920138779954,0.5538336052202284
E0+E1,all,0.15,0.0,1068,0.017690525859989887,0.43726591760299627
D1+E0+SP1,all,0.08,0.35,6019,0.017604679456321444,0.4625353048679183
T1,all,0.1,0.35,1628,0.017572385739539904,0.4692874692874693
B1+D1+E0+P1,draw,0.08,0.35,1427,0.017348514206718197,0.271198318149965
B1+D1+E0+E1,draw+away,0.08,0.45,1712,0.017284148422528553,0.4491822429906542
D1+E0,home,0.1,0.45,1179,0.017261121892074217,0.5725190839694656
D1+E0+SP1,all,0.1,0.35,4302,0.017246852078702357,0.4583914458391446
T1,away,0.1,0.45,361,0.017197573037536645,0.5041551246537396
T1,draw,0.1,0.0,356,0.017174250859867783,0.28370786516853935
D1+E0+E1+N1,home,0.08,0.4,3418,0.017104460588640548,0.5441778818022235
D1+E0+E1,all,0.08,0.35,5589,0.01703966772835851,0.44104490964394344
D1+E0+E1,draw+away,0.1,0.4,1473,0.017007900234067837,0.39443312966734556
D1+E0+SP1,away,0.15,0.45,365,0.01697689819520928,0.4821917808219178
B1+D1+E0+E1,draw+away,0.08,0.4,2349,0.016972381296377383,0.4108131119625372
B1+D1+E0+E1+F1+I1+N1+P1+SP1+T1,all,0.08,0.0,23379,0.016920216422101546,0.40891398263398776
E0,all,0.15,0.35,589,0.01691520089542304,0.47538200339558573
T1,away,0.08,0.45,440,0.0168238473617898,0.5045454545454545
B1,away,0.1,0.0,388,0.016811713228445976,0.37628865979381443
B1+D1+E0+E1,all,0.08,0.35,7172,0.016736882458796093,0.4433909648633575
D1+E0,draw,0.1,0.0,716,0.01662700488973353,0.2388268156424581
D1,all,0.1,0.35,1075,0.016559251291305175,0.4046511627906977
B1,away,0.15,0.45,93,0.016494195944860207,0.5053763440860215
B1+D1+E0+E1+F1+I1+N1+P1+SP1+T1,away,0.08,0.4,4967,0.016491449527530084,0.47916247231729414
B1+P1,draw,0.08,0.0,956,0.016479935416605442,0.2604602510460251
D1+E0,home,0.08,0.45,1643,0.016302588887481626,0.5702982349360926
B1+D1+E0+P1,away,0.08,0.4,1854,0.016287314421877204,0.4919093851132686
E0+E1,all,0.08,0.0,5042,0.016247595126597306,0.39845299484331614
D1+E0+E1,draw+away,0.2,0.0,305,0.016097440627134103,0.3639344262295082
B1+D1+E0+E1,all,0.08,0.0,9205,0.015956595673092412,0.3859858772406301
E1,all,0.1,0.45,844,0.015928021179611417,0.4774881516587678
SP1,draw+away,0.1,0.4,615,0.015847432934253725,0.3934959349593496
B1+D1+E0+E1+F1+I1+N1+P1+SP1+T1,draw+away,0.15,0.4,2483,0.015836311685281927,0.41280708819975837
B1+D1+E0+P1,away,0.1,0.45,1179,0.015820636329685302,0.5207803223070399
B1,all,0.08,0.35,1583,0.015782755628325658,0.4516740366392925
E0+E1,draw,0.2,0.45,96,0.015669779144515034,0.28125
E0+E1,all,0.15,0.4,966,0.01566844595653907,0.4658385093167702
E0,all,0.08,0.35,2235,0.015497794943931182,0.4774049217002237
E0+E1,all,0.1,0.0,3259,0.015294630355707077,0.41331696839521326
D1+E0+E1,all,0.08,0.45,3807,0.015197409466601676,0.515103756238508
D1+E0+E1+N1,all,0.08,0.4,5688,0.015173946719001562,0.49349507735583686
D1+E0+E1+N1,home,0.1,0.45,2227,0.015055184953224068,0.5644364616075438
D1+E1,home,0.1,0.4,986,0.014837034789664359,0.5294117647058824
D1+E0+E1,all,0.1,0.45,2756,0.014739129176564253,0.5097968069666183
P1,draw,0.08,0.35,370,0.014686537832276844,0.2864864864864865
D1+E0,all,0.08,0.35,3789,0.014563186393450639,0.45077856954341516
D1+E0+E1,all,0.1,0.0,4657,0.01453402896454557,0.3938157612196693
T1,home,0.25,0.35,59,0.01448217560065572,0.6440677966101694
T1,home,0.25,0.4,59,0.01448217560065572,0.6440677966101694
SP1,away,0.08,0.0,832,0.014420991060644449,0.35096153846153844
D1+E0,all,0.1,0.45,1912,0.014285519231922034,0.5240585774058577
D1,home,0.15,0.4,152,0.014271452478324044,0.5394736842105263
D1+E0+E1,draw+away,0.15,0.45,588,0.014198394625899552,0.3877551020408163
D1+E0+SP1,draw+away,0.1,0.4,1652,0.01408236856864988,0.39891041162227603
B1+D1+E0+E1,draw+away,0.1,0.45,1343,0.013998023203842514,0.43484735666418467
D1+E0+E1+N1,all,0.1,0.4,4120,0.0139641238911826,0.48519417475728155
D1+E0+SP1,all,0.1,0.0,5211,0.013856108031385575,0.4054883899443485
B1+D1+E0+E1+F1+I1+N1+P1+SP1+T1,away,0.15,0.4,1550,0.013839060199948988,0.48838709677419356
D1+E0+SP1,draw,0.1,0.35,821,0.013813044546954686,0.27527405602923266
D1+E0+E1,draw,0.1,0.0,1072,0.013710196515709957,0.25093283582089554
B1+D1+E0+E1+F1+I1+N1+P1+SP1+T1,away,0.1,0.4,3710,0.013658742840325516,0.47924528301886793
E0+E1,all,0.15,0.35,997,0.013638579386537055,0.4573721163490471
D1+E0+SP1,away,0.08,0.45,1233,0.0135941101069569,0.49635036496350365
D1+E0+E1,all,0.08,0.0,7202,0.013525562364254007,0.3825326298250486
T1,draw+away,0.08,0.0,1235,0.013265317099561864,0.34898785425101214
D1+E0,all,0.1,0.35,2711,0.013219413897523492,0.4463297676134268
B1+D1+E0+E1,draw+away,0.1,0.4,1855,0.013147546533434555,0.39622641509433965
D1+E0,draw+away,0.1,0.4,1037,0.013113939600911291,0.4021215043394407
E1,all,0.08,0.4,1427,0.013109247904297627,0.4548002803083392
D1,all,0.08,0.35,1554,0.013070179093960247,0.4124839124839125
T1,all,0.25,0.45,104,0.013063007724192185,0.5576923076923077
D1+E0+SP1,all,0.08,0.0,7727,0.01291108231227632,0.39769638928432766
N1,draw+away,0.25,0.45,32,0.012775077891209905,0.34375
D1,all,0.1,0.0,1398,0.012638409059571585,0.34835479256080115
T1,home,0.15,0.35,326,0.012630403577919566,0.5705521472392638
B1+D1+E0+E1+F1+I1+N1+P1+SP1+T1,draw,0.15,0.35,992,0.012479385856023664,0.28024193548387094
B1+D1+E0+E1+F1+I1+N1+P1+SP1+T1,draw,0.1,0.35,2523,0.011981396703997008,0.280221957986524
B1+D1+E0+E1,draw,0.08,0.0,2126,0.011888633517011813,0.25070555032925684
T1,all,0.08,0.4,1867,0.011876470449312183,0.4911622924477772
D1+E1,home,0.08,0.4,1531,0.011754117584124316,0.5179621162638798
D1+E0+E1+N1,draw+away,0.08,0.4,2270,0.011604030505970475,0.4171806167400881
D1+E1,draw+away,0.15,0.35,469,0.011412506794906482,0.3326226012793177
P1,draw,0.08,0.0,463,0.01131431816144087,0.265658747300216
E0,all,0.1,0.35,1636,0.011195682939721802,0.4737163814180929
D1+E0+E1+N1,home,0.08,0.45,3180,0.010920273439366726,0.5581761006289309
D1+E0+E1+N1,all,0.1,0.35,4757,0.010632630485492374,0.45217574101324365
B1,draw+away,0.08,0.0,1094,0.010607173682183361,0.30438756855575866
B1+D1+E0+P1,away,0.15,0.35,595,0.010526677095882989,0.4722689075630252
B1+D1+E0+E1+F1+I1+N1+P1+SP1+T1,draw,0.15,0.0,1106,0.010447637674198542,0.26491862567811936
D1+E1,all,0.1,0.45,1540,0.009914584438165123,0.4798701298701299
D1+E0+E1,draw+away,0.08,0.45,1355,0.009801081317496612,0.44501845018450187
D1+E0,draw+away,0.15,0.0,564,0.009535177905681145,0.3404255319148936
E0,draw,0.1,0.35,249,0.009302621622089719,0.27710843373493976
D1+E0+E1,draw,0.08,0.0,1633,0.009231634756722258,0.2492345376607471
B1+D1+E0+E1+F1+I1+N1+P1+SP1+T1,draw+away,0.15,0.35,2601,0.009176617152532507,0.40099961553248753
D1+E0+E1+N1,all,0.08,0.35,6861,0.009105386665140696,0.4515376767235097
E0,draw+away,0.08,0.4,812,0.008834530960947473,0.4458128078817734
E0+E1,draw+away,0.1,0.4,1086,0.008699976772478708,0.40515653775322286
T1,home,0.25,0.0,60,0.00865708635226975,0.6333333333333333
D1+E0,draw+away,0.1,0.45,733,0.008651392705147374,0.4461118690313779
E1,all,0.15,0.35,408,0.008644811616652722,0.43137254901960786
B1+D1+E0+P1,draw+away,0.1,0.35,2638,0.008644732229244665,0.38059135708870356
E1,away,0.15,0.45,80,0.008610770657812497,0.475
D1+E0+SP1,away,0.08,0.4,1507,0.00859633597150674,0.4618447246184472
P1,draw,0.15,0.0,88,0.008465542392352159,0.26136363636363635
E1,all,0.15,0.4,399,0.008449895712613183,0.43609022556390975
B1+D1+E0+E1+F1+I1+N1+P1+SP1+T1,away,0.08,0.35,5558,0.00823378634244743,0.4534005037783375
B1+D1+E0+P1,draw+away,0.08,0.35,3591,0.008181529431792636,0.3815093288777499
D1+E0+SP1,draw+away,0.15,0.35,807,0.008139017817994554,0.3630731102850062
D1+E0+E1+N1,draw,0.1,0.0,1291,0.008127822641119558,0.24244771494965142
D1+E0+E1,draw+away,0.15,0.4,712,0.007954573254536619,0.3651685393258427
E1,draw,0.1,0.0,356,0.007748665535447515,0.2752808988764045
E1,all,0.08,0.45,1229,0.007722138268147974,0.4743694060211554
D1+E0,all,0.1,0.0,3311,0.007687950942610479,0.3929326487466022
B1+D1+E0+E1+F1+I1+N1+P1+SP1+T1,away,0.15,0.35,1609,0.007677330150100638,0.4754505904288378
E1,draw,0.2,0.35,58,0.007530075158662513,0.29310344827586204
E1,draw,0.2,0.4,58,0.007530075158662513,0.29310344827586204
E1,draw,0.2,0.0,58,0.007530075158662513,0.29310344827586204
D1+E0+E1+N1,draw,0.08,0.0,2029,0.007470160891695261,0.23952686052242483
T1,draw+away,0.1,0.0,863,0.007299678961374206,0.36152954808806487
B1+D1+E0+E1+F1+I1+N1+P1+SP1+T1,draw+away,0.08,0.35,9119,0.007260188771370344,0.3858975764886501
N1,home,0.1,0.35,581,0.007254271590506875,0.5524956970740104
E0,all,0.08,0.0,2784,0.007204964201426584,0.41487068965517243
E1,draw+away,0.2,0.45,95,0.007130605664240223,0.3684210526315789
B1+D1+E0+E1+F1+I1+N1+P1+SP1+T1,draw+away,0.1,0.35,6576,0.007073767517281975,0.388838199513382
D1+E0,all,0.08,0.0,4944,0.007035665029740762,0.3845064724919094
D1,all,0.08,0.0,2160,0.006784811656448998,0.3453703703703704
E1,away,0.08,0.0,742,0.006573670837580645,0.30997304582210244
D1+E1,all,0.08,0.45,2194,0.006498028900892084,0.4845031905195989
D1+E0+E1+N1,all,0.08,0.45,4852,0.006367882694879135,0.5210222588623248
D1+E0+E1+N1,all,0.1,0.45,3517,0.0060534269633369655,0.5149274950241683
E0+E1,draw+away,0.08,0.4,1390,0.005906509735545935,0.4143884892086331
T1,draw+away,0.08,0.45,504,0.005864347096300176,0.4742063492063492
T1,draw+away,0.08,0.35,1010,0.00550874480002996,0.3811881188118812
SP1,draw+away,0.08,0.4,769,0.005261500912804152,0.39791937581274384
E1,draw+away,0.08,0.35,859,0.005247918957847154,0.33876600698486614
D1,all,0.08,0.45,965,0.005159364390646925,0.49740932642487046
B1+D1+E0+E1+F1+I1+N1+P1+SP1+T1,draw,0.08,0.35,3561,0.005138735618399441,0.2805391743892165
N1,home,0.1,0.4,548,0.005081438663393985,0.5675182481751825
T1,draw+away,0.1,0.45,425,0.005014978883108848,0.4682352941176471
D1+E0+E1+N1,draw+away,0.2,0.4,366,0.004951379773928815,0.366120218579235
B1+D1+E0+E1+F1+I1+N1+P1+SP1+T1,away,0.1,0.35,4053,0.004872374312974182,0.45645201085615594
D1+E1,draw+away,0.1,0.35,1133,0.004853755140653023,0.3327449249779347
D1+E1,draw+away,0.15,0.0,517,0.0046664031849869584,0.3114119922630561
N1,all,0.2,0.0,130,0.004513903812253811,0.4230769230769231
E0,all,0.1,0.0,1913,0.004485760382879303,0.4255096706743335
D1,home,0.1,0.4,450,0.004434996849768036,0.5311111111111111
D1+E0+E1+N1,draw+away,0.1,0.4,1757,0.0043724771238756194,0.398406374501992
N1,home,0.1,0.0,679,0.004302064250223511,0.49189985272459497
D1+E0+E1+N1,all,0.08,0.0,9082,0.00418802237352684,0.38394626734199516
D1+E0+SP1,away,0.1,0.45,919,0.0040665654548909065,0.4842219804134929
D1+E0+E1,draw+away,0.1,0.45,1056,0.003930664183500693,0.4270833333333333
B1+D1+E0+P1,away,0.08,0.35,2164,0.003751007298166839,0.4542513863216266
T1,draw,0.1,0.35,341,0.0036679797458947063,0.2844574780058651
D1+E0+E1+N1,draw+away,0.2,0.45,357,0.0036537976339658623,0.3697478991596639
T1,home,0.15,0.4,313,0.0035955408424934816,0.5814696485623003
D1+E0+E1+N1,all,0.1,0.0,5882,0.003589365863317957,0.39510370622237334
B1,away,0.08,0.0,601,0.0035783697198907907,0.34442595673876875
D1,all,0.1,0.45,696,0.003521325762246883,0.4827586206896552
B1+D1+E0+E1,draw+away,0.15,0.4,906,0.0035167173678681695,0.36644591611479027
D1+E0+E1+N1,draw+away,0.15,0.4,859,0.003490091405441312,0.3760186263096624
T1,home,0.15,0.0,339,0.003479102109045793,0.551622418879056
B1+D1+E0+P1,draw+away,0.1,0.0,3258,0.003255278774685214,0.3385512584407612
T1,away,0.1,0.0,507,0.0025855610100418815,0.4161735700197239
B1,draw+away,0.08,0.4,469,0.0025790039530788154,0.4136460554371002
D1,home,0.08,0.4,682,0.002533473126675852,0.5249266862170088
B1+P1,draw,0.08,0.35,737,0.002486460945810498,0.27137042062415195
D1+E1,home,0.1,0.45,919,0.0024385046174273768,0.5408052230685527
E0,away,0.08,0.45,489,0.0022741359343422755,0.5398773006134969
T1,home,0.15,0.45,301,0.0021674719372960973,0.5946843853820598
E0+E1,draw,0.08,0.0,1080,0.0017551419275173457,0.25833333333333336
D1+E0+SP1,draw+away,0.15,0.0,876,0.001451175083635331,0.3436073059360731
D1+E0,draw+away,0.15,0.35,517,0.0013916903735686735,0.3578336557059961
SP1,draw+away,0.1,0.35,740,0.0012763638777341481,0.3675675675675676
E1,draw+away,0.08,0.4,578,0.0012725344372411422,0.370242214532872
D1+E0+E1+N1,draw+away,0.2,0.0,376,0.001166751562609808,0.35904255319148937
B1+D1+E0+E1+F1+I1+N1+P1+SP1+T1,away,0.1,0.0,4848,0.0003789336676292822,0.4073844884488449
N1,home,0.1,0.45,527,0.00028291066511013584,0.5749525616698292
E0+E1,away,0.08,0.45,780,-0.0005628302253737433,0.5
N1,draw,0.08,0.0,396,-0.0006620510038972616,0.1994949494949495
B1,draw+away,0.1,0.35,574,-0.0006628819953174175,0.35365853658536583
B1+D1+E0+E1+F1+I1+N1+P1+SP1+T1,draw+away,0.1,0.0,8147,-0.0007052227432731601,0.344666748496379
B1+D1+E0+P1,away,0.1,0.4,1402,-0.0007424415152016953,0.47788873038516405
E1,all,0.15,0.0,435,-0.0008405341451918665,0.4114942528735632
B1+D1+E0+E1+F1+I1+N1+P1+SP1+T1,draw+away,0.15,0.0,2796,-0.0012984220284343218,0.3801859799713877
D1+E1,home,0.08,0.45,1403,-0.0014275301737056607,0.5295794725588026
D1+E0+E1+N1,draw+away,0.15,0.45,719,-0.001494450819572165,0.3949930458970793
B1+D1+E0+P1,away,0.15,0.0,630,-0.0016330151497898158,0.4507936507936508
B1,draw+away,0.1,0.4,382,-0.001651873845778428,0.4031413612565445
D1+E0+SP1,away,0.15,0.4,429,-0.0016698458519837014,0.4428904428904429
B1+D1+E0+E1,away,0.08,0.45,1346,-0.0017153198559019297,0.48959881129271915
E0,draw,0.15,0.0,114,-0.0019284886988822517,0.2543859649122807
D1+E0+SP1,draw,0.08,0.35,1111,-0.0021485591388850788,0.2727272727272727
B1+D1+E0+P1,draw,0.08,0.0,2085,-0.0023646132756198254,0.24364508393285372
E0+E1,draw+away,0.1,0.35,1316,-0.00236666158890196,0.37537993920972645
SP1,home,0.2,0.0,66,-0.0025119359166546843,0.4696969696969697
E0,draw+away,0.1,0.4,650,-0.002753110991319677,0.4246153846153846
B1+D1+E0+E1+F1+I1+N1+P1+SP1+T1,draw,0.1,0.0,3299,-0.0028828089449596775,0.25250075780539555
E0,away,0.08,0.4,626,-0.003069539782534016,0.48881789137380194
T1,all,0.2,0.35,266,-0.0031259226998056173,0.5
SP1,draw,0.1,0.45,113,-0.0031437139569043594,0.30973451327433627
SP1,draw,0.08,0.45,113,-0.0031437139569043594,0.30973451327433627
D1+E0+SP1,away,0.1,0.4,1108,-0.0032182087902338065,0.44945848375451264
D1+E1,draw+away,0.08,0.35,1657,-0.003379827345269879,0.3331321665660833
D1+E0+E1+N1,draw+away,0.08,0.45,1672,-0.0034964602096298953,0.4503588516746411
E0+E1,away,0.1,0.45,554,-0.0037285058559812147,0.5018050541516246
N1,home,0.08,0.4,762,-0.0037340875719724218,0.5643044619422573
D1+E1,draw+away,0.08,0.0,2501,-0.003760351144940975,0.2850859656137545
B1,away,0.08,0.4,349,-0.003811200693545806,0.46131805157593125
B1+D1+E0+E1+F1+I1+N1+P1+SP1+T1,draw,0.08,0.0,5254,-0.0042671303849314375,0.25085649029311
T1,all,0.25,0.4,108,-0.004382711502720521,0.5370370370370371
T1,all,0.25,0.35,108,-0.004382711502720521,0.5370370370370371
B1+D1+E0+E1+F1+I1+N1+P1+SP1+T1,draw+away,0.08,0.0,12523,-0.004432849231042907,0.327477441507626
D1+E0+E1+N1,draw+away,0.2,0.35,372,-0.004504612596623289,0.3602150537634409
D1+E1,draw+away,0.1,0.0,1534,-0.004516184110090523,0.2894393741851369
B1+D1+E0+E1+F1+I1+N1+P1+SP1+T1,away,0.08,0.0,7269,-0.004520777157444872,0.3828587150914844
SP1,draw+away,0.08,0.35,1001,-0.004531146909713207,0.3676323676323676
N1,home,0.08,0.0,963,-0.004941152080460153,0.48390446521287644
E0,draw+away,0.08,0.45,564,-0.005350835962021282,0.50177304964539
N1,home,0.08,0.35,811,-0.005376231055457472,0.5450061652281134
B1+D1+E0+E1,draw+away,0.1,0.35,2468,-0.005603332843461344,0.3557536466774716
E1,away,0.15,0.35,87,-0.005967098745957894,0.4482758620689655
E1,away,0.08,0.45,291,-0.006318015741931228,0.4329896907216495
T1,all,0.15,0.45,556,-0.0064431506984700595,0.5197841726618705
D1+E0+E1,draw+away,0.15,0.35,752,-0.006562556979582397,0.3523936170212766
D1+E0,away,0.08,0.4,964,-0.006658846865145788,0.46887966804979253
E1,draw+away,0.2,0.0,97,-0.006874994268159082,0.36082474226804123
E1,draw+away,0.2,0.4,97,-0.006874994268159082,0.36082474226804123
E1,draw+away,0.2,0.35,97,-0.006874994268159082,0.36082474226804123
B1+D1+E0+E1+F1+I1+N1+P1+SP1+T1,away,0.15,0.0,1690,-0.006903303836590581,0.4556213017751479
D1+E0+E1,draw+away,0.1,0.35,1894,-0.007026833430975089,0.3563885955649419
E0+E1,draw+away,0.08,0.35,1901,-0.007208436443024224,0.37085744345081534
B1,away,0.08,0.35,410,-0.007545960112258045,0.4317073170731707
E0+E1,away,0.08,0.4,987,-0.007681811308525021,0.45896656534954405
N1,draw+away,0.25,0.0,33,-0.007907053002976411,0.3333333333333333
N1,draw+away,0.25,0.35,33,-0.007907053002976411,0.3333333333333333
N1,draw+away,0.25,0.4,33,-0.007907053002976411,0.3333333333333333
E0+E1,away,0.15,0.45,216,-0.008083760367350725,0.5092592592592593
E1,draw+away,0.1,0.45,323,-0.00811243247185399,0.38390092879256965
B1+D1+E0+E1,away,0.08,0.4,1674,-0.008117501865798956,0.4540023894862604
T1,all,0.25,0.0,109,-0.00814931483732578,0.5321100917431193
B1,draw+away,0.08,0.35,777,-0.008288506565171157,0.3487773487773488
N1,home,0.08,0.45,728,-0.008289109434551795,0.5728021978021978
D1+E0+E1,away,0.08,0.45,1042,-0.008457345587332781,0.4894433781190019
B1+D1+E0+E1,draw+away,0.08,0.35,3476,-0.008520688498110858,0.3558688147295742
D1+E0+E1,draw+away,0.08,0.35,2699,-0.008585452527395126,0.35791033716191184
B1+D1+E0+E1,draw+away,0.15,0.35,962,-0.008799685259566896,0.35343035343035345
E0+E1,away,0.1,0.4,689,-0.008819990743606492,0.46153846153846156
B1+D1+E0+P1,draw+away,0.08,0.0,4941,-0.009159660003971401,0.3215948188625784
D1+E0,away,0.08,0.45,751,-0.009181468695392011,0.511318242343542
E0+E1,draw,0.2,0.4,99,-0.009245166648870177,0.2727272727272727
E0+E1,draw,0.2,0.35,99,-0.009245166648870177,0.2727272727272727
D1+E0+E1,away,0.08,0.4,1325,-0.009282817457818173,0.4520754716981132
E0+E1,draw+away,0.08,0.0,2628,-0.00941429627533809,0.3203957382039574
B1,draw,0.08,0.35,367,-0.009425682620231067,0.2561307901907357
D1+E0+E1,draw+away,0.15,0.0,818,-0.009812270203964546,0.33374083129584353
B1+D1+E0+P1,away,0.1,0.0,1934,-0.009947228153893796,0.39710444674250256
B1+D1+E0+P1,away,0.1,0.35,1604,-0.010156790430340802,0.44576059850374067
N1,all,0.08,0.4,1152,-0.010241953677496316,0.5260416666666666
B1+D1+E0+E1,away,0.1,0.45,977,-0.010362719880592751,0.4851586489252815
T1,away,0.08,0.0,697,-0.010407693654300009,0.3916786226685796
B1+D1+E0+E1,draw+away,0.15,0.0,1034,-0.01073112875488059,0.33752417794970985
T1,all,0.2,0.0,271,-0.010853044594556919,0.4907749077490775
D1+E0+SP1,draw+away,0.08,0.35,2841,-0.010896501992343748,0.3671242520239352
B1,away,0.1,0.4,262,-0.01091134298249902,0.4618320610687023
N1,all,0.1,0.4,832,-0.011039794958099333,0.5168269230769231
E0+E1,draw+away,0.08,0.45,984,-0.011511146060594949,0.45223577235772355
D1,draw+away,0.08,0.35,798,-0.011884803831695741,0.32706766917293234
B1+D1+E0+E1,draw+away,0.08,0.0,4977,-0.011895932834077479,0.3033956198513161
T1,all,0.2,0.4,258,-0.01197502401137704,0.5077519379844961
T1,all,0.15,0.35,639,-0.012194400899422418,0.4788732394366197
D1+E0+E1+N1,draw+away,0.1,0.45,1290,-0.01242818490438771,0.4294573643410853
B1+D1+E0+E1,draw+away,0.1,0.0,3148,-0.012636105327791167,0.3135324015247776
D1+E0+E1+N1,draw+away,0.15,0.35,906,-0.01278331599742048,0.3620309050772627
B1+D1+E0+P1,away,0.08,0.0,2856,-0.012877114147603038,0.3785014005602241
T1,away,0.1,0.4,415,-0.012899046429815651,0.46265060240963857
B1,draw+away,0.15,0.4,194,-0.01299105510028097,0.3711340206185567
T1,draw+away,0.1,0.35,785,-0.013214749387206463,0.37452229299363055
D1+E0+SP1,draw+away,0.1,0.35,2079,-0.013308372355423922,0.36123136123136124
SP1,draw+away,0.15,0.0,312,-0.013752925655281065,0.34935897435897434
B1,draw+away,0.15,0.0,216,-0.014197624118840789,0.35185185185185186
D1+E0,draw+away,0.08,0.35,1840,-0.01424318813539716,0.36684782608695654
T1,all,0.15,0.0,660,-0.014297827031475906,0.4681818181818182
E0,away,0.1,0.45,360,-0.014356025796740796,0.5277777777777778
D1,away,0.08,0.4,338,-0.014399455161272098,0.4319526627218935
E0,draw,0.2,0.45,40,-0.01441412242149388,0.25
E0,draw,0.08,0.35,352,-0.014469798702793074,0.26988636363636365
E0+E1,away,0.1,0.35,776,-0.01499503318217263,0.43556701030927836
B1+D1+E0+E1,away,0.15,0.45,377,-0.015048786863362787,0.4907161803713528
N1,draw+away,0.15,0.4,147,-0.015100948026476244,0.42857142857142855
D1+E0+SP1,away,0.08,0.35,1730,-0.015332436407491318,0.4277456647398844
B1,away,0.1,0.35,303,-0.015361934843045195,0.43234323432343236
D1+E0+E1+N1,away,0.08,0.4,1661,-0.015444427016829965,0.45695364238410596
D1+E0+E1+N1,draw+away,0.08,0.35,3160,-0.015530530181557797,0.3661392405063291
E0+E1,away,0.08,0.0,1548,-0.01572088493281862,0.3636950904392765
E0+E1,draw+away,0.1,0.45,758,-0.01577792214757464,0.4393139841688654
D1+E1,away,0.08,0.4,699,-0.01585335759518736,0.41917024320457796
E0,draw+away,0.08,0.35,1042,-0.015915510854542913,0.39731285988483683
E1,away,0.15,0.4,84,-0.016426378118854713,0.4523809523809524
D1+E0+E1+N1,away,0.08,0.45,1319,-0.016428294720131506,0.4927975739196361
E0,away,0.08,0.35,690,-0.016429910539588855,0.4623188405797101
E0+E1,draw,0.1,0.0,706,-0.01652055598167374,0.254957507082153
E0,draw,0.15,0.35,98,-0.016524777748111508,0.2653061224489796
T1,all,0.15,0.4,618,-0.016968403972753218,0.48705501618122976
B1,draw+away,0.15,0.35,210,-0.016983126499800123,0.35714285714285715
E1,away,0.08,0.4,361,-0.01725226303505136,0.407202216066482
D1+E0,draw,0.08,0.0,1129,-0.01737064090975279,0.22940655447298494
E0,away,0.15,0.45,136,-0.01740594512990804,0.5294117647058824
B1+D1+E0+E1,away,0.2,0.4,160,-0.01761189846908266,0.5
SP1,draw+away,0.1,0.0,937,-0.01767766229701903,0.32017075773745995
D1,draw+away,0.1,0.35,578,-0.017870153843958066,0.31314878892733566
T1,away,0.08,0.35,566,-0.01804088747049869,0.4416961130742049
D1+E0+E1,draw+away,0.08,0.0,3883,-0.01807958932083746,0.3031161473087819
N1,all,0.08,0.35,1272,-0.018245439651156617,0.49764150943396224
T1,away,0.15,0.45,195,-0.018329842092882714,0.47692307692307695
B1+D1+E0+E1,away,0.2,0.45,155,-0.018572497318472537,0.5096774193548387
N1,draw,0.15,0.35,54,-0.018630197936708007,0.2777777777777778
N1,all,0.2,0.4,128,-0.018711156840108063,0.421875
E0+E1,draw+away,0.1,0.0,1635,-0.018745327535443255,0.3314984709480122
N1,all,0.1,0.35,902,-0.01937028923455684,0.49223946784922396
SP1,draw+away,0.08,0.0,1391,-0.019758983570752748,0.3098490294751977
D1+E1,away,0.08,0.45,553,-0.019762303564319267,0.4448462929475588
E1,away,0.2,0.45,39,-0.02002644672914125,0.46153846153846156
E1,away,0.2,0.4,39,-0.02002644672914125,0.46153846153846156
E1,away,0.2,0.35,39,-0.02002644672914125,0.46153846153846156
E1,away,0.2,0.0,39,-0.02002644672914125,0.46153846153846156
E0+E1,away,0.1,0.0,929,-0.020051000987172857,0.38966630785791173
D1+E0+E1+N1,draw+away,0.1,0.35,2215,-0.020228526069568924,0.36027088036117383
E0+E1,away,0.08,0.35,1170,-0.020438896291744037,0.4222222222222222
N1,all,0.1,0.45,761,-0.02047747426022468,0.533508541392904
N1,all,0.08,0.45,1045,-0.020534473701833453,0.5425837320574163
T1,draw+away,0.1,0.4,652,-0.020639147966281406,0.3941717791411043
T1,draw+away,0.15,0.45,255,-0.02076771078145653,0.43137254901960786
E0,draw+away,0.1,0.45,435,-0.020783749593753738,0.4804597701149425
N1,draw,0.1,0.0,219,-0.020815528647646936,0.2009132420091324
B1+D1+E0+E1,away,0.1,0.4,1186,-0.02096967511902226,0.4477234401349072
D1+E0,draw+away,0.1,0.35,1339,-0.021027714523968042,0.3577296489917849
D1+E0+E1,away,0.1,0.45,743,-0.02106055540585489,0.48183041722745623
E1,draw+away,0.08,0.45,420,-0.021121818402011744,0.38571428571428573
T1,away,0.1,0.35,444,-0.021547010339510106,0.4436936936936937
T1,away,0.08,0.4,526,-0.022061336880790126,0.4524714828897338
D1+E0+E1+N1,draw+away,0.15,0.0,1002,-0.022140945289091177,0.3373253493013972
T1,all,0.2,0.45,249,-0.022253901767333814,0.5140562248995983
N1,all,0.2,0.35,129,-0.022455169161686137,0.4186046511627907
D1,home,0.15,0.45,140,-0.022574438358006224,0.55
D1+E0+E1,draw+away,0.1,0.0,2447,-0.02267877066481719,0.3101757253780139
E0,draw+away,0.1,0.35,761,-0.023274878591220283,0.3915900131406045
E0,away,0.1,0.4,467,-0.02340666576632231,0.47109207708779444
D1+E0+E1,away,0.1,0.4,924,-0.023850279529609077,0.44372294372294374
D1+E1,away,0.1,0.4,457,-0.024353954749118053,0.41575492341356673
E1,draw+away,0.15,0.45,200,-0.024440708817507997,0.355
D1+E0+E1,away,0.15,0.45,284,-0.025095845982084013,0.4859154929577465
E1,draw+away,0.15,0.35,235,-0.025196991526469217,0.3404255319148936
E0+E1,draw+away,0.15,0.45,411,-0.026235637642032586,0.39416058394160586
T1,draw+away,0.08,0.4,766,-0.026576476923403015,0.3968668407310705
N1,all,0.08,0.0,1880,-0.026794922524937793,0.3893617021276596
N1,draw+away,0.08,0.4,390,-0.02685497346718166,0.4512820512820513
B1+D1+E0+E1,away,0.08,0.0,2851,-0.027028888830706983,0.3426867765696247
D1+E0+E1+N1,draw+away,0.08,0.0,4800,-0.027273860077631995,0.300625
D1,home,0.1,0.45,398,-0.027356095008100986,0.5477386934673367
D1+E0+SP1,away,0.1,0.35,1258,-0.027444366402226934,0.417329093799682
D1+E0+SP1,away,0.15,0.35,459,-0.027446785654737023,0.41830065359477125
E0,draw+away,0.15,0.45,211,-0.02771065601613221,0.4312796208530806
E1,away,0.08,0.35,480,-0.027853138908906235,0.3645833333333333
N1,draw,0.08,0.35,90,-0.027908572794536603,0.26666666666666666
D1,home,0.08,0.45,594,-0.028152086483592957,0.5420875420875421
D1+E1,away,0.1,0.45,383,-0.028342863257803934,0.4386422976501306
D1+E0+SP1,away,0.08,0.0,2340,-0.028515838357767876,0.35555555555555557
B1+D1+E0+E1,away,0.08,0.35,2040,-0.02898171260777658,0.4117647058823529
D1+E0+SP1,draw,0.1,0.0,1085,-0.028987204623599987,0.23870967741935484
D1+E0+E1+N1,away,0.15,0.45,375,-0.029385249430260107,0.49066666666666664
N1,away,0.15,0.4,96,-0.02984890733210701,0.5
E0+E1,away,0.15,0.35,272,-0.02986742265055022,0.4485294117647059
E0+E1,draw,0.2,0.0,102,-0.030133040283970333,0.2647058823529412
E1,draw+away,0.15,0.4,232,-0.030183908951067186,0.34051724137931033
N1,all,0.2,0.45,126,-0.03022145408902138,0.42063492063492064
E0,away,0.08,0.0,806,-0.03046273133871807,0.413151364764268
E0+E1,draw+away,0.15,0.35,518,-0.03061346479596436,0.36486486486486486
E0+E1,away,0.15,0.4,262,-0.030712704637057383,0.4580152671755725
E0+E1,draw+away,0.2,0.45,184,-0.03084308029602283,0.3858695652173913
D1,draw+away,0.1,0.0,812,-0.031095564379245048,0.2672413793103448
E0,draw,0.15,0.4,95,-0.03127254382019333,0.2631578947368421
T1,draw,0.15,0.45,60,-0.03132188984357598,0.2833333333333333
E0+E1,draw,0.15,0.35,246,-0.031794561698059214,0.27235772357723576
D1+E0+E1+N1,away,0.1,0.45,937,-0.03184953498218919,0.4813233724653148
E0,draw,0.2,0.35,41,-0.0323390044292097,0.24390243902439024
E0,draw,0.2,0.4,41,-0.0323390044292097,0.24390243902439024
N1,all,0.1,0.0,1225,-0.032354176543296545,0.4
D1+E0+SP1,draw+away,0.08,0.0,4028,-0.03240370070923744,0.30536246276067525
B1+D1+E0+E1,away,0.1,0.0,1763,-0.032749864762477404,0.36074872376630746
E0,draw+away,0.15,0.0,301,-0.033016131016504094,0.37209302325581395
D1+E1,away,0.15,0.45,148,-0.0330351691983183,0.44594594594594594
D1+E0+SP1,draw+away,0.1,0.0,2662,-0.0332849756045229,0.3125469571750564
E0+E1,draw+away,0.15,0.4,505,-0.03346235631658093,0.3683168316831683
T1,away,0.15,0.0,221,-0.0338423213810884,0.4343891402714932
D1+E0,away,0.1,0.45,549,-0.03412041937204795,0.4918032786885246
T1,away,0.15,0.4,208,-0.03420844593495563,0.4519230769230769
D1+E0+E1+N1,away,0.1,0.4,1154,-0.03421246319090493,0.4445407279029463
D1,away,0.08,0.45,262,-0.03428517227471336,0.4580152671755725
T1,away,0.15,0.35,215,-0.03457218989565098,0.4418604651162791
E0,away,0.1,0.35,512,-0.03464799786697189,0.447265625
D1+E0+E1,away,0.08,0.35,1630,-0.03465749834808447,0.4067484662576687
E0,draw+away,0.15,0.35,283,-0.03477731118153127,0.38515901060070673
B1+D1+E0+E1,away,0.2,0.0,166,-0.034997705078218484,0.4819277108433735
B1+D1+E0+E1,away,0.2,0.35,166,-0.034997705078218484,0.4819277108433735
D1+E0+E1,away,0.08,0.0,2250,-0.0353232719017247,0.3422222222222222
D1+E0+SP1,away,0.1,0.0,1577,-0.03568827552185233,0.3633481293595434
E0,draw+away,0.15,0.4,273,-0.03601590744767061,0.39194139194139194
E0+E1,draw,0.15,0.0,272,-0.03668203095711283,0.2610294117647059
D1,draw+away,0.08,0.0,1255,-0.03701125424220731,0.26693227091633465
D1+E0,away,0.08,0.35,1150,-0.03704649479415771,0.42434782608695654
N1,away,0.08,0.4,336,-0.037405176230280376,0.47619047619047616
B1+D1+E0+E1,away,0.1,0.35,1394,-0.03769469988054031,0.41248206599713055
E0+E1,draw,0.15,0.4,243,-0.03777037277324423,0.2716049382716049
E0,away,0.15,0.4,178,-0.0378115833231058,0.4606741573033708
D1+E0+E1+N1,draw+away,0.1,0.0,2993,-0.03811556232673394,0.3057133311059138
D1+E0,away,0.15,0.45,204,-0.03844279867627168,0.49019607843137253
D1+E0,away,0.1,0.4,702,-0.03856619409823515,0.4444444444444444
D1+E0+E1+N1,away,0.08,0.35,2001,-0.038713092125309,0.4147926036981509
N1,draw+away,0.15,0.35,154,-0.03892421127459457,0.4090909090909091
D1+E0,draw+away,0.08,0.0,2637,-0.038949293128991286,0.3029958285930982
D1+E1,away,0.08,0.0,1444,-0.03899848462850522,0.3026315789473684
D1+E0+SP1,draw,0.08,0.0,1688,-0.039172357451735,0.235781990521327
T1,draw,0.08,0.4,240,-0.03965370389164555,0.275
B1,away,0.15,0.4,103,-0.04004807872556876,0.4563106796116505
T1,draw,0.1,0.4,237,-0.04035168587296934,0.2742616033755274
T1,away,0.25,0.45,35,-0.04050901011133439,0.45714285714285713
T1,away,0.25,0.4,35,-0.04050901011133439,0.45714285714285713
T1,away,0.25,0.0,35,-0.04050901011133439,0.45714285714285713
T1,away,0.25,0.35,35,-0.04050901011133439,0.45714285714285713
E0,draw+away,0.08,0.0,1382,-0.04051111307086449,0.3357452966714906
T1,draw+away,0.25,0.35,49,-0.04060966933850995,0.40816326530612246
T1,draw+away,0.25,0.45,49,-0.04060966933850995,0.40816326530612246
T1,draw+away,0.25,0.4,49,-0.04060966933850995,0.40816326530612246
T1,draw+away,0.25,0.0,49,-0.04060966933850995,0.40816326530612246
D1+E0+E1+N1,away,0.15,0.4,438,-0.04092978121226623,0.4520547945205479
D1+E1,away,0.2,0.4,65,-0.04111864389878717,0.4307692307692308
D1+E0,draw+away,0.1,0.0,1725,-0.04149019885919028,0.3084057971014493
T1,draw+away,0.15,0.0,321,-0.041511760041752645,0.38006230529595014
E0,away,0.15,0.35,185,-0.04169577395255186,0.4486486486486487
N1,draw,0.1,0.35,74,-0.0417041913033703,0.25675675675675674
D1+E1,away,0.1,0.0,812,-0.0418326019359182,0.31650246305418717
E1,draw,0.15,0.35,148,-0.04203465312624068,0.27702702702702703
E1,draw,0.15,0.4,148,-0.04203465312624068,0.27702702702702703
N1,away,0.15,0.45,91,-0.042300574858549995,0.5054945054945055
E0+E1,draw+away,0.15,0.0,555,-0.042773180932257474,0.34774774774774775
E0,draw,0.1,0.0,350,-0.0429086026158754,0.2342857142857143
B1+D1+E0+E1,away,0.15,0.4,445,-0.04334708992088152,0.44269662921348313
N1,away,0.08,0.45,277,-0.043510846365026605,0.5054151624548736
D1+E0+E1,away,0.1,0.35,1091,-0.04404389903682895,0.4069660861594867
D1+E0+E1,away,0.15,0.4,342,-0.044351583856144426,0.43859649122807015
E0,away,0.15,0.0,187,-0.04609862497446228,0.44385026737967914
E0+E1,draw+away,0.2,0.4,189,-0.04620643452300828,0.37566137566137564
E0+E1,away,0.15,0.0,283,-0.046831322440157246,0.43109540636042404
D1+E0+E1,away,0.1,0.0,1375,-0.04690142603349372,0.3563636363636364
D1+E0+SP1,away,0.15,0.0,496,-0.047319521898705995,0.39314516129032256
N1,away,0.15,0.35,100,-0.04796178273071014,0.48
E1,away,0.15,0.0,96,-0.048255367943526244,0.40625
T1,draw+away,0.15,0.4,305,-0.04839080563339266,0.3901639344262295
D1+E0+E1+N1,away,0.08,0.0,2771,-0.04845703874646825,0.34536268495128114
E0+E1,draw+away,0.2,0.35,190,-0.04894229267523113,0.3736842105263158
N1,draw+away,0.08,0.35,461,-0.04912571992161805,0.41431670281995664
E0,draw+away,0.1,0.0,913,-0.049731938608521944,0.34501642935377874
T1,draw+away,0.15,0.35,313,-0.05013992919911503,0.38338658146964855
E1,draw,0.1,0.45,129,-0.050949125745775495,0.27906976744186046
E1,draw,0.08,0.45,129,-0.050949125745775495,0.27906976744186046
D1+E1,away,0.08,0.35,940,-0.051522704814305265,0.3659574468085106
D1+E1,away,0.15,0.4,164,-0.05168092195319467,0.4146341463414634
B1,away,0.15,0.0,118,-0.05193312863406283,0.4152542372881356
D1+E0,away,0.08,0.0,1508,-0.05199920983221042,0.35809018567639256
N1,draw+away,0.1,0.4,284,-0.052053258928693336,0.41901408450704225
E0,away,0.1,0.0,563,-0.05266472010038291,0.413854351687389
E0+E1,draw,0.08,0.45,204,-0.05285212271193541,0.2696078431372549
E0+E1,draw,0.1,0.45,204,-0.05285212271193541,0.2696078431372549
D1+E1,away,0.1,0.35,579,-0.05374118615225579,0.37132987910189985
N1,away,0.08,0.35,371,-0.054214679605485,0.4501347708894879
D1+E0,away,0.15,0.4,258,-0.05429568530988618,0.43410852713178294
D1+E0+E1+N1,away,0.1,0.35,1338,-0.05486949564512828,0.40956651718983555
N1,draw+away,0.08,0.45,317,-0.05495123871893371,0.47318611987381703
E1,draw+away,0.15,0.0,254,-0.05534490720825683,0.3188976377952756
N1,draw,0.15,0.0,76,-0.05569819329611276,0.2236842105263158
E0,draw,0.08,0.45,75,-0.0559411465520961,0.25333333333333335
E0,draw,0.15,0.45,75,-0.0559411465520961,0.25333333333333335
E0,draw,0.1,0.45,75,-0.0559411465520961,0.25333333333333335
E0+E1,draw,0.15,0.45,195,-0.05670653987981032,0.26666666666666666
T1,away,0.2,0.35,106,-0.05678797509694093,0.4339622641509434
T1,away,0.2,0.0,106,-0.05678797509694093,0.4339622641509434
E0+E1,draw+away,0.2,0.0,193,-0.05692307125599747,0.36787564766839376
E1,draw,0.15,0.45,120,-0.05720248672695603,0.275
B1,away,0.15,0.35,112,-0.05751393641829882,0.42857142857142855
N1,draw+away,0.2,0.0,71,-0.0604944171862218,0.3380281690140845
E0+E1,away,0.2,0.45,88,-0.060654165203338016,0.5
D1+E0+E1+N1,away,0.15,0.35,466,-0.060691772394530344,0.4291845493562232
E1,draw,0.15,0.0,158,-0.06154636578478815,0.26582278481012656
E0,draw,0.08,0.0,576,-0.06160896302107027,0.22743055555555555
B1+D1+E0+E1,away,0.15,0.35,478,-0.06289648589256433,0.41841004184100417
N1,draw+away,0.15,0.45,131,-0.06334238108342681,0.42748091603053434
D1+E1,away,0.2,0.35,68,-0.06345533994458401,0.4117647058823529
D1+E1,away,0.2,0.0,68,-0.06345533994458401,0.4117647058823529
SP1,draw,0.08,0.35,421,-0.06450750124134123,0.2755344418052256
D1+E0+E1,away,0.15,0.35,366,-0.06455068021308023,0.41530054644808745
N1,draw+away,0.08,0.0,917,-0.06509044360160023,0.2900763358778626
E0,draw+away,0.2,0.45,89,-0.06578588650398141,0.4044943820224719
T1,draw,0.15,0.0,100,-0.06587188750625411,0.26
D1+E0,away,0.1,0.35,827,-0.0659388959432162,0.40507859733978235
D1+E0+E1+N1,away,0.1,0.0,1702,-0.06718839073029502,0.3537015276145711
T1,away,0.2,0.4,102,-0.06851325617488527,0.4411764705882353
N1,away,0.1,0.45,194,-0.0692514443305099,0.4793814432989691
D1+E1,away,0.2,0.45,63,-0.06931761110536916,0.42857142857142855
E0+E1,away,0.2,0.4,90,-0.07024351057879705,0.4888888888888889
T1,draw,0.08,0.45,64,-0.071427438870936,0.265625
T1,draw,0.1,0.45,64,-0.071427438870936,0.265625
N1,away,0.1,0.4,230,-0.07180531339415268,0.44782608695652176
N1,draw+away,0.15,0.0,184,-0.07184926940231602,0.3532608695652174
D1+E0+E1,away,0.2,0.4,116,-0.07211580612998615,0.46551724137931033
SP1,draw,0.15,0.35,110,-0.07277347679054187,0.2636363636363636
D1,away,0.1,0.4,235,-0.07296601921364673,0.39148936170212767
E0+E1,away,0.2,0.35,91,-0.07463660167074497,0.4835164835164835
E0+E1,away,0.2,0.0,91,-0.07463660167074497,0.4835164835164835
D1,away,0.08,0.35,460,-0.07522065627420854,0.3673913043478261
D1+E0,away,0.1,0.0,1009,-0.07600594719875163,0.35777998017839446
B1+D1+E0+E1,away,0.15,0.0,514,-0.07646702107723403,0.3949416342412451
N1,draw+away,0.1,0.45,234,-0.07825296107782917,0.44017094017094016
D1,away,0.1,0.45,189,-0.078534197988167,0.42328042328042326
D1+E0+E1,away,0.2,0.45,112,-0.07912216450985698,0.4732142857142857
E0,draw,0.2,0.0,44,-0.07945769775614471,0.22727272727272727
N1,away,0.15,0.0,108,-0.08033629425860837,0.4444444444444444
E0,draw+away,0.2,0.4,92,-0.08226173887983487,0.391304347826087
D1+E0+E1+N1,away,0.15,0.0,504,-0.08308624795797352,0.4007936507936508
SP1,draw,0.1,0.35,309,-0.08356305393589268,0.26537216828478966
D1+E0+E1,away,0.15,0.0,396,-0.08391642793567058,0.3888888888888889
N1,draw+away,0.1,0.35,321,-0.08438242741255306,0.38317757009345793
D1,away,0.08,0.0,702,-0.08456664539303112,0.2948717948717949
SP1,draw,0.08,0.4,226,-0.0848112977934208,0.2743362831858407
D1+E0,away,0.15,0.35,279,-0.08482797304548054,0.4050179211469534
N1,draw,0.2,0.4,36,-0.0850000185777272,0.25
N1,draw,0.2,0.35,36,-0.0850000185777272,0.25
T1,draw+away,0.2,0.35,138,-0.08520141244822706,0.38405797101449274
T1,draw+away,0.2,0.0,138,-0.08520141244822706,0.38405797101449274
SP1,draw,0.08,0.0,559,-0.08563330215948989,0.24865831842576028
D1+E0+E1+N1,away,0.2,0.4,150,-0.08592891997924748,0.4533333333333333
D1+E0+E1,away,0.2,0.0,120,-0.08696231187261824,0.45
D1+E0+E1,away,0.2,0.35,120,-0.08696231187261824,0.45
E0,draw+away,0.2,0.35,93,-0.08729411044741299,0.3870967741935484
D1+E0+E1+N1,away,0.2,0.45,145,-0.08768372619950016,0.46206896551724136
SP1,draw,0.15,0.45,90,-0.08822948194645314,0.26666666666666666
SP1,draw,0.15,0.4,103,-0.08873426898865029,0.2621359223300971
D1+E1,away,0.15,0.35,181,-0.08926563737283026,0.3812154696132597
E0,away,0.2,0.45,49,-0.08969732859829194,0.5306122448979592
D1,away,0.15,0.45,68,-0.08972888069356555,0.4117647058823529
T1,away,0.2,0.45,100,-0.09075016673538525,0.44
T1,draw,0.15,0.4,97,-0.09291961161866574,0.25773195876288657
SP1,draw,0.1,0.4,209,-0.0938988949759905,0.2679425837320574
T1,draw+away,0.2,0.4,134,-0.09513086808520327,0.3880597014925373
D1,away,0.15,0.4,80,-0.09598493162193561,0.375
D1+E0,away,0.15,0.0,300,-0.09633898588284948,0.38333333333333336
N1,away,0.1,0.35,247,-0.09651787120756355,0.42105263157894735
D1+E0+E1+N1,away,0.2,0.0,154,-0.09741523002501487,0.44155844155844154
D1+E0+E1+N1,away,0.2,0.35,154,-0.09741523002501487,0.44155844155844154
D1+E0,away,0.2,0.4,77,-0.09872351225728737,0.4675324675324675
N1,away,0.08,0.0,521,-0.09899595303601509,0.35892514395393477
T1,draw,0.15,0.35,98,-0.09958691886944482,0.25510204081632654
E0,draw+away,0.2,0.0,96,-0.10182439338161253,0.375
N1,draw+away,0.1,0.0,546,-0.10380875296448785,0.2857142857142857
E0,away,0.2,0.4,51,-0.10551783215715962,0.5098039215686274
D1+E0,away,0.2,0.45,73,-0.11009971374623057,0.4794520547945205
SP1,draw,0.15,0.0,116,-0.11028013382773413,0.25
N1,draw+away,0.2,0.35,70,-0.11258654662990097,0.32857142857142857
N1,draw+away,0.2,0.4,70,-0.11258654662990097,0.32857142857142857
E0,away,0.2,0.0,52,-0.11268924419496645,0.5
E0,away,0.2,0.35,52,-0.11268924419496645,0.5
T1,draw+away,0.2,0.45,132,-0.11328044245192827,0.38636363636363635
D1,away,0.1,0.0,446,-0.11437611361442505,0.28699551569506726
N1,draw,0.1,0.45,40,-0.11732143656106103,0.25
N1,draw,0.15,0.45,40,-0.11732143656106103,0.25
N1,draw,0.08,0.45,40,-0.11732143656106103,0.25
N1,away,0.2,0.45,33,-0.11858710875721144,0.42424242424242425
D1+E0,away,0.2,0.0,81,-0.1203339177083872,0.4444444444444444
D1+E0,away,0.2,0.35,81,-0.1203339177083872,0.4444444444444444
D1+E1,away,0.15,0.0,209,-0.1220572705242307,0.3397129186602871
SP1,draw,0.1,0.0,369,-0.12633853298185832,0.23848238482384823
D1,away,0.1,0.35,315,-0.12747682346229106,0.33650793650793653
N1,away,0.2,0.0,34,-0.13566261891927892,0.4117647058823529
N1,away,0.2,0.4,34,-0.13566261891927892,0.4117647058823529
N1,away,0.2,0.35,34,-0.13566261891927892,0.4117647058823529
N1,draw+away,0.2,0.45,68,-0.13649160022573278,0.3235294117647059
N1,away,0.1,0.0,327,-0.14432087811245303,0.3425076452599388
N1,draw,0.2,0.45,35,-0.15784764306527319,0.22857142857142856
D1,away,0.15,0.35,94,-0.18517357202607862,0.3191489361702128
D1,away,0.15,0.0,113,-0.2016620287453874,0.2831858407079646
T1,draw,0.2,0.45,32,-0.20693017128975194,0.21875
T1,draw,0.2,0.4,32,-0.20693017128975194,0.21875
T1,draw,0.2,0.0,32,-0.20693017128975194,0.21875
T1,draw,0.2,0.35,32,-0.20693017128975194,0.21875
